Sale_ID,Perfume_Name,Quantity_Sold,Sale_Amount,Sale_Date,Customer_Location
ae293aab-6d88-4fff-b506-2259725f09d8,Amber Luxe,5,205.24,2024-08-06,Craigville
79f2f1e2-9203-43bb-bf74-b75288ea05a1,Velvet Rose,5,470.25,2024-06-20,East Coleville
6bb859dd-ae70-4eba-9f89-a0259f89a7ac,Mystic Oud,2,200.85,2025-01-19,Lake Michaelburgh
c9d107e9-a888-4fee-9a3c-bf3509ed5a14,Vanilla Sky,5,497.05,2025-02-12,New Jenniferport
293fcc27-82c8-405e-84be-45d966346c5b,Mystic Oud,5,231.51,2024-10-05,Ericaport
ec844718-1440-4ee7-b6e4-e48f7628d436,Midnight Blossom,3,229.95,2024-08-11,Philipbury
2f6edef5-ea2f-492d-a881-eae88d251688,Citrus Zest,3,227.16,2024-12-15,New Paulland
ebb05b2f-5387-495b-aa67-044ba94a2c51,Velvet Rose,4,440.03,2024-06-10,West Matthewfurt
ecf5a3f7-1998-47be-9d7b-d6f8a90b07a6,Ocean Breeze,2,83.28,2025-01-24,Amandaberg
ead27c5f-a8c3-4775-b837-aebf28e3e7b6,Citrus Zest,3,183.9,2024-11-10,North Edwardburgh
8abe3c19-3e01-4873-930c-6b1410e146ca,Midnight Blossom,4,333.71,2024-11-22,East Jonathan
cb1efb9b-f692-4014-8d67-401a63554dc5,Golden Dusk,1,62.4,2024-12-16,Codyside
04b10a56-2048-4fdb-b124-d2ed8081fd91,Mystic Oud,2,216.98,2025-01-07,South Kendrafurt
e9415643-eb0e-47cf-afaa-8ff6e54cec9b,Ocean Breeze,2,203.88,2024-06-01,Ramirezshire
0269762b-8b9e-4665-9cbb-ee746ea81d9a,Velvet Rose,4,433.69,2024-12-19,Elizabethstad
6aec53b1-2f3f-4f80-a01e-244c25aad316,Ocean Breeze,2,215.02,2025-03-10,Lake Shawnview
a1e23f17-fbe7-47ab-b1c9-76cd6aae3786,Spice Affair,4,261.09,2024-11-24,Stewartmouth
37a39411-63ab-4dd5-be06-cc66db99bb7d,Golden Dusk,4,207.83,2024-08-15,West Warren
5629f276-429f-429f-b8be-054ef252a82a,Velvet Rose,3,267.16,2024-06-24,West Danielletown
6b6e93a7-bd09-4b54-adf9-62e49c3f79c1,Velvet Rose,5,407.98,2025-03-19,New Melissaport
a2db462a-fdb5-4e28-9a99-7bb6e9ed7574,Spice Affair,1,106.28,2024-09-23,Lake Daisy
baac633f-fe80-4106-92e6-f172fec0ea92,Fresh Linen,5,390.96,2025-04-24,Port Philip
872d9a14-4fec-4255-91b8-215217656c65,Ocean Breeze,3,321.69,2025-04-17,Butlerstad
c6826722-7cbf-4ef9-8d7c-70a1ca8aef93,Amber Luxe,3,127.81,2025-04-22,New Toddhaven
9b8f7a2c-20ae-4696-a552-a10fb029873f,Fresh Linen,3,230.25,2024-10-28,North Deborah
bf1ee7bb-4149-4e18-907a-094ab3e8e344,Amber Luxe,3,313.84,2025-01-05,Lake Daniel
8531ef7d-6f7e-4999-8671-b35ff53fcb2a,Citrus Zest,4,252.16,2024-12-18,New Lisaside
cb19d029-86c9-402e-8bc1-5ed4295977a6,Mystic Oud,5,483.92,2024-05-31,Robertmouth
1534f273-7697-4fe0-b7b5-e0065a3174eb,Spice Affair,5,370.45,2024-08-19,Nixonchester
782d36ee-f1b3-410c-b688-ac4849349d5a,Vanilla Sky,3,300.61,2024-11-13,Lisastad
0597f63c-3f77-47b6-95f8-0e15a3b8fd12,Mystic Oud,4,253.92,2024-06-18,Billyview
5d7076c3-3e84-4292-b7d5-8f27f017218b,Velvet Rose,2,172.98,2024-05-04,Bishopburgh
bcefddfe-b85f-41a6-9613-883baa9102a5,Velvet Rose,5,268.08,2025-01-08,South Tyronemouth
3e6f6ebb-ac64-4683-a7e7-c4605ff625fb,Velvet Rose,4,448.93,2024-08-14,Lake Bryan
ff565cf0-1573-43a3-92aa-c7fece2c10d0,Amber Luxe,2,154.48,2024-06-17,Lake Martha
8a11ce5c-8b03-471d-a326-ddb2c617c8b8,Golden Dusk,4,464.54,2025-01-07,New Johnport
1df7260e-8c04-45dd-81b5-858bc5116e06,Ocean Breeze,4,243.56,2024-05-25,Davidmouth
3154b37f-695c-4a62-a0f7-cc3ca0b5e294,Mystic Oud,2,186.23,2025-04-12,Christopherberg
d5fc5339-29d6-454a-aad0-ec2207d641af,Ocean Breeze,1,71.39,2024-08-22,Goodwinshire
9db4f366-7d58-4144-8523-56c011636ace,Amber Luxe,2,149.7,2024-09-05,East Kimburgh
ccba9df9-f135-49cc-80ca-ad66aed65a9c,Amber Luxe,3,242.23,2024-09-30,Port Samuelchester
7ad95a5e-afea-4817-8893-1f651292f724,Vanilla Sky,5,215.02,2025-02-02,Zavalaburgh
b701d4f8-e1c1-4221-961e-6985c84ed202,Midnight Blossom,1,81.47,2024-05-27,Johnsontown
b2efca5c-b4eb-4019-b3c0-c90532fc162a,Amber Luxe,2,178.05,2025-03-24,Samuelmouth
4a323ff8-0914-4072-9796-935de5783573,Amber Luxe,5,546.84,2024-10-10,West Angela
0347945d-a6d3-43fb-b838-2d054bcaafa5,Mystic Oud,1,41.67,2024-09-29,Lake Krystalbury
cd9ff500-d45c-4d73-a8c9-e2ad26254fe8,Velvet Rose,4,273.96,2024-05-03,Fernandezborough
a0dc4faa-990b-4861-abce-557c4db95732,Spice Affair,5,381.32,2025-03-31,Port Johnfort
b74eae0b-52f5-48ad-bb30-ba010887a624,Ocean Breeze,5,322.86,2024-12-16,New Denise
75cfb6c1-63f7-49ac-8f9a-b5898c1713fa,Mystic Oud,4,356.77,2024-11-16,Hansenchester
fb042a46-1c69-4489-8978-8b1877371f2f,Midnight Blossom,4,352.68,2024-09-05,South Brianton
263d8993-b95a-4b95-bc92-0ccfb4582ea6,Spice Affair,5,209.86,2024-07-22,New Michaelport
48123b31-fd89-4b12-a899-541ef3b6973a,Citrus Zest,4,196.66,2024-06-06,West Kristyborough
3b7a4d4d-ef84-47a1-85a3-e9d04674573e,Fresh Linen,5,413.42,2024-05-03,Eugenetown
6ca24f81-390f-4b61-80e7-c9516d2b5911,Ocean Breeze,4,284.31,2024-08-28,Armstrongchester
c2eea25d-e5e8-429b-aaef-d5371f1adeb7,Mystic Oud,3,263.78,2024-12-04,Lake Steven
90b072ed-8ef1-43d0-bbf2-d990e89a0bab,Ocean Breeze,2,159.3,2025-01-10,East Patriciamouth
7090892f-5c27-47bf-8506-dfd676597e68,Midnight Blossom,4,242.47,2025-02-06,Port Paul
3d41c986-49dc-4ffc-9c74-f290d64ef2e4,Golden Dusk,5,346.21,2025-03-30,Lake Jessica
d286b55f-5e88-4f70-b250-e41caea13242,Vanilla Sky,4,337.5,2025-01-29,New Bradley
6d59fe07-5b33-40ba-8b5b-0a3097db6edf,Vanilla Sky,5,213.24,2025-04-05,Annastad
dba08365-53bf-42ce-9d4f-f83c7707191d,Mystic Oud,3,209.14,2024-05-24,Lake Jacquelinefort
33dcdec8-bb04-429f-800e-88c6df1cf5a8,Fresh Linen,4,199.78,2025-04-13,West David
452954a6-3125-4b7c-b953-10c94aac634e,Velvet Rose,2,211.42,2025-01-20,South Pamela
5c0cf663-8cd9-4deb-ba66-aa4d6d47bf95,Amber Luxe,5,503.64,2024-05-12,Heatherside
98c7a159-cd9d-421b-88fb-dc3a8d5b47ec,Mystic Oud,5,236.29,2025-03-28,New Brian
291ee869-37f9-4de6-be0d-22d12260e7a7,Amber Luxe,5,480.83,2024-05-27,Woodburgh
74674e1b-a3fb-4c30-a690-3fdf7ebb666e,Citrus Zest,2,88.33,2025-03-10,Lake Sheristad
bae0b602-b5dc-4568-b4d0-8a005ca7e1b5,Spice Affair,5,352.56,2024-10-26,North Wendyburgh
f2894ff4-ca4d-4fd8-8c2e-8617782ab9be,Citrus Zest,1,110.41,2025-01-06,Jeffreybury
6c1c5d4e-a895-4a4b-a501-7193e6e97a25,Golden Dusk,1,43.26,2024-11-14,West Logan
b29ffe1c-8da1-4327-a6d1-55e3b6b28008,Midnight Blossom,2,84.35,2024-09-11,Karenfort
546aac83-bb82-4926-bc6c-2e8d38f81b18,Golden Dusk,1,57.31,2025-03-27,New Benjamin
39c4d63c-94ad-46ea-a008-5e59b59b7188,Citrus Zest,5,290.55,2025-03-19,Huntborough
e983cde9-ff25-4825-9261-57a89603558e,Mystic Oud,4,436.52,2024-05-18,Warnerland
d7d6a934-de8d-4869-b0ec-557ac92591b8,Amber Luxe,5,346.74,2025-04-12,East Ashley
b0715ac4-124f-4de3-a8f2-096a399782f3,Fresh Linen,1,119.17,2024-10-08,Christopherhaven
3b28422a-c6a0-4557-90c4-61635632ebd3,Citrus Zest,4,181.79,2024-05-26,Mortonville
068d3cc9-dc08-4546-b935-d8765a6aac7b,Midnight Blossom,5,317.29,2025-02-07,Nelsonstad
6eb0e678-016a-44ae-a26f-3ea97373fe7f,Midnight Blossom,1,113.13,2024-09-11,Williamburgh
20213694-85ba-4898-bef3-463f47fea99c,Golden Dusk,4,164.03,2025-04-04,Port Elizabethtown
1c1e1f91-e9a9-42ad-9337-35c4972b58c7,Mystic Oud,2,218.29,2025-04-13,North Christopher
87bf96f5-ef5a-43eb-83ce-50dd0491b2ab,Spice Affair,1,106.95,2024-10-11,Shortmouth
4818823f-3f77-4251-b306-58124dcbfad2,Velvet Rose,5,481.77,2024-06-10,Lake Ashleyborough
67117b74-6178-4981-bae5-f373f336e232,Midnight Blossom,3,265.99,2024-11-13,North Benjamin
f90087ca-ccc8-40d4-b1bc-e4aa2ea836a0,Vanilla Sky,1,43.3,2024-11-01,Lake David
bf11d38d-cad9-4807-bf92-f715da73bd13,Golden Dusk,2,171.07,2024-09-17,New Brooke
f3a7fe3a-a7b0-42ba-8373-1e45dece64da,Fresh Linen,3,196.84,2025-02-24,New Andrewport
e22e8d4f-56ef-4d7f-b37a-2338e767236a,Midnight Blossom,1,74.25,2024-05-28,Bowmanport
c7563d70-3a52-419a-b1a1-4006f52315b9,Vanilla Sky,1,70.27,2024-11-23,West Miguel
505b7a9a-0876-484f-8fda-c23931805b21,Fresh Linen,1,92.73,2024-11-29,Jessicaside
71ee538e-31c0-4e3d-8198-74f80d325631,Vanilla Sky,1,45.36,2024-09-27,South Jonathan
fbc76164-a330-41d4-8f22-76c6471c8626,Vanilla Sky,1,74.72,2025-03-25,Erinshire
2346d38f-67a6-4759-96c0-7501a2a9a158,Spice Affair,3,266.66,2024-08-02,Aaronhaven
f68e4f3a-fdc8-4a81-ac78-8a12b9d85bd9,Midnight Blossom,3,161.06,2024-08-24,East Cameron
0a57f653-d371-4056-8685-6dfa5d97c615,Citrus Zest,3,323.06,2024-06-01,Lake Andreaville
0a643cf1-cf84-48fb-af34-c6e6d31a7f94,Amber Luxe,3,156.91,2025-02-16,Larastad
494f9d37-b961-472b-81f0-d39c68713b8d,Spice Affair,1,105.21,2024-05-10,East Sharon
199e3934-59dc-4317-8222-c13c6dd4a0be,Amber Luxe,5,417.56,2025-02-21,Brownborough
ac1eb82d-aa01-4313-8bd2-f97fe2e13e10,Velvet Rose,5,397.87,2024-06-09,Lewisburgh
831748f9-a9f2-40ec-ad37-2c99208c7b7d,Ocean Breeze,5,301.52,2024-12-03,New Nicole
bf10598a-bfed-479d-841f-913afe25ce90,Mystic Oud,4,297.1,2024-10-04,Deannaville
8b324d1c-fb2a-435f-950e-603490273d40,Fresh Linen,1,95.65,2024-07-06,East Davidhaven
b468152e-112c-40b1-b3e6-5dd88466442a,Vanilla Sky,3,251.47,2024-11-03,Angelafurt
c9121cc1-a7bd-4f20-9ae3-310a62d3c134,Citrus Zest,1,91.96,2024-07-05,Patriciaside
8b7c5e56-90bf-4ede-b214-1e49c3ee7c8a,Spice Affair,5,449.85,2025-02-27,West Georgemouth
369dea48-6a22-4d6e-bfee-177dc9fda418,Citrus Zest,5,229.41,2024-07-03,Mckenziehaven
aa8d7e70-6137-43b7-a809-58c1047ce7e6,Midnight Blossom,4,345.64,2025-03-10,North Brendamouth
bdda21f8-87d1-48f0-a2f5-900c5849dd00,Ocean Breeze,1,105.99,2024-12-02,South Monica
ad279c40-2b32-4381-bc3b-fcd51af7f3ed,Velvet Rose,5,488.45,2024-07-03,Johnport
4cd7a607-430c-48dd-b24c-2c4b90a5736d,Citrus Zest,3,205.49,2025-02-09,Lake Andrew
04ce3d8b-9d3d-440d-a31d-e80589427c7e,Vanilla Sky,3,120.63,2024-10-07,Port David
f850d3e0-083f-446c-ade0-cdce1d37afdc,Velvet Rose,4,460.83,2025-02-07,Lauraview
db5667da-c427-4be5-b61e-235c25948452,Velvet Rose,1,42.27,2025-03-29,North Jeffreychester
e1e9317c-1480-4882-9839-0cffc580253b,Velvet Rose,4,310.81,2024-07-27,West Kyleburgh
1b99b2f7-e728-4ba4-9c57-a9cb44dac59c,Citrus Zest,4,339.83,2024-10-30,Davidstad
69901aa1-5bdb-43e0-824b-512517ae583e,Ocean Breeze,1,65.25,2025-01-01,New Emilytown
85909439-5fbb-433c-99c5-208739a7542e,Velvet Rose,1,75.6,2025-03-31,Lake Amanda
a55f616e-e243-423c-b11b-6a5892e9c93b,Vanilla Sky,4,330.96,2025-01-26,South Jay
0f432511-6339-47e0-8af9-f3683dc5e2f2,Fresh Linen,4,466.1,2024-08-20,New Codyburgh
1f99bf94-7daa-4dc9-b766-2300939a5dc5,Amber Luxe,5,216.37,2024-10-23,Smithburgh
2c6ec61a-3b71-4d2f-a160-5b303bd973be,Mystic Oud,1,40.72,2025-03-27,New Jaredport
36f31059-a90b-477a-b4c7-8092be2e77c1,Mystic Oud,2,186.63,2025-03-22,Briannaborough
8592c0e7-dd0a-4c1e-a007-748b1054840f,Spice Affair,5,500.08,2024-07-05,South Sherryton
5016efdd-968d-4c0b-9e55-99f414f14264,Citrus Zest,2,165.58,2025-02-27,Melissastad
25d9e148-e63f-483a-bea1-fa4c60c67d38,Midnight Blossom,5,346.26,2024-09-05,Port Savannah
2dc58b53-ab21-448e-9f5a-b9a1b1119049,Spice Affair,1,101.72,2024-11-02,Jeanneborough
5558c789-9e69-48a1-ad8b-112e6d02ac49,Golden Dusk,1,109.79,2024-08-18,East Kristiside
2e80c6cc-547e-4199-8dd8-61c84f108486,Mystic Oud,5,544.0,2025-03-06,Jesseburgh
857a3d81-2fc0-4b8d-b189-14e8a99837d2,Midnight Blossom,4,362.64,2025-04-13,Ricardohaven
cf3842b6-920b-46d0-8f52-c300f77b1622,Citrus Zest,1,76.07,2025-04-09,Scottfort
b59b0050-368a-41c2-8045-ddc7165ec960,Citrus Zest,3,282.33,2024-06-18,New Hector
d10b062a-f13a-495e-8d01-59a54427bc9f,Mystic Oud,2,191.64,2024-07-26,Elliottchester
c27ae382-6e73-4322-99a3-6d6d1dc1f888,Fresh Linen,2,211.69,2024-09-11,East Zachary
2b12e9ab-5085-47f8-ac8f-70f46d778eec,Fresh Linen,4,301.41,2024-06-05,Hudsonfort
81b93c08-5dcf-4597-b4af-ae0f1a540cec,Mystic Oud,4,316.26,2024-11-05,East Kyle
a1003088-b5ad-448e-acfa-0aad66b40ce2,Ocean Breeze,2,235.84,2025-03-16,Abigailstad
5da829f1-1746-4f6a-b420-2307ab973f02,Velvet Rose,1,84.85,2024-11-04,North Andrewburgh
31f88e35-be90-42ea-9aff-4c0a5b03253f,Mystic Oud,4,467.44,2025-03-20,Markmouth
efada1bc-ea58-48b3-b66a-5aa8c22f27ba,Spice Affair,2,219.08,2024-05-11,Port Christopherfurt
b5b0cbbd-fd6a-466f-9f1f-8c13653b1387,Fresh Linen,2,87.42,2025-01-11,Barnettbury
999ed735-b685-4d22-a802-800784b74f16,Spice Affair,5,479.7,2025-01-30,Leeton
6629aab9-fc4e-4e88-85f2-da0ea455ef99,Ocean Breeze,5,466.86,2024-09-23,Port Matthewmouth
c6c43429-3de4-4fd2-be16-24cb34b0cd63,Spice Affair,3,170.81,2024-05-26,Hawkinstown
f1866e09-2ac6-43ca-b11a-8616220648a7,Mystic Oud,2,216.26,2024-07-24,East Willie
f13a5582-9fa0-42ec-b45e-c143030d3da7,Vanilla Sky,5,203.71,2025-03-10,Jeffreyfurt
20995e1e-0de2-4070-8b24-068ffca5491f,Midnight Blossom,4,311.91,2024-08-08,Ibarrashire
f791b89a-7b85-4151-ab1a-43102b062988,Amber Luxe,4,323.48,2024-05-02,Alvarezmouth
5f4010d5-5418-4493-8731-32e0a1dc5d4f,Mystic Oud,2,191.48,2025-02-19,Port Christyland
64d15ac6-7c27-49af-b12d-28d5f9a024e8,Citrus Zest,2,188.86,2024-12-23,Port Ricardo
5f0a4333-4e2a-4f25-adec-ad7d17567bb3,Mystic Oud,5,242.24,2025-02-26,Jillfort
81f3ca28-db8a-40bd-97f3-8e651b461394,Ocean Breeze,4,175.69,2024-05-27,Kellytown
31f4ba22-e74b-40ee-b6f3-3b71a2990642,Midnight Blossom,1,90.81,2024-06-01,Franklinmouth
08822f47-480e-4053-b9b1-4f0703b5df3e,Spice Affair,4,297.47,2024-12-14,Donnafurt
f4be783b-773f-44f5-bab8-b75c6567ae4b,Spice Affair,1,73.24,2024-11-10,Millermouth
b924fbe6-536b-432d-ac0e-447709b418e6,Spice Affair,4,443.81,2024-09-08,New Crystal
6f23e657-becb-4361-beca-eeb537238e2a,Spice Affair,4,174.85,2024-12-17,Moniquebury
cf51b5f3-46b2-499a-8fb4-45a77488efbb,Spice Affair,2,210.87,2024-07-07,Lake Dawnstad
74554885-d0e3-43ba-bca8-bb48c4f792f6,Mystic Oud,5,204.75,2025-03-05,Stevensside
700e4f6f-5de1-4756-9a2c-9675903af1ab,Golden Dusk,1,50.98,2024-06-15,Caitlinshire
578efb96-0bd2-4dce-ad75-b6aa9b4072c4,Vanilla Sky,2,131.46,2024-09-19,North Suzanne
fde01921-1e54-43cf-a4a1-5c893538267d,Velvet Rose,5,373.97,2024-09-08,East Jennifer
4fad60f6-8d88-434f-86f2-5276a1e52e95,Amber Luxe,2,211.61,2025-01-21,South Patrick
31f47882-906f-4866-affb-b21f965dc53a,Mystic Oud,5,351.66,2024-08-01,Lake Michaelchester
67bed8f6-0da0-4233-b32e-9d1e33e9d3b6,Citrus Zest,3,356.49,2025-01-13,Andrewmouth
763a6b7c-39a2-4263-b42d-fe1f0e85647a,Ocean Breeze,1,111.52,2025-01-01,Michaelside
c0ad31ce-0aef-448e-8c2c-95c396a60dca,Midnight Blossom,4,322.35,2024-12-26,North Anthony
f1f3fa7a-6ee5-4e69-bebd-e514f838172d,Fresh Linen,3,292.34,2024-09-04,New Gregoryfort
c2861be0-55fe-40aa-9235-2af5a5223894,Midnight Blossom,1,50.14,2024-05-11,Kingtown
6aab418e-a55d-40c6-a2c3-b53d487bce5a,Citrus Zest,5,573.82,2024-08-01,Jacksonfort
ecc7b52e-4987-42b9-86e8-ad424855c22c,Spice Affair,1,67.68,2024-05-19,North Jonathan
21499f75-eef8-4cb8-9f48-c7bdba6235c1,Velvet Rose,4,363.19,2024-06-24,New Pamela
f7856ef6-1953-4712-b190-985d46e16b8d,Velvet Rose,1,47.26,2024-06-13,Vaughanstad
d922b6e3-6ea5-4177-9360-e79b4e0c07cd,Velvet Rose,2,191.66,2025-03-15,New Adamview
9ce0b9de-a581-4512-ab3a-b15b848509f0,Spice Affair,5,268.91,2024-11-01,Blackbury
95f31c8d-c78a-470b-92f2-d553fa9aa372,Spice Affair,4,214.78,2024-06-07,Tamarafort
2a04f507-8f0e-431f-bf04-d13a83d30fd9,Vanilla Sky,5,517.62,2024-07-03,Kyleport
76a085a8-0730-42b3-a5a5-4f22d405727f,Amber Luxe,3,151.39,2025-01-03,Martinezton
4c2b5614-eab3-4e60-8d72-b97b666a2290,Amber Luxe,5,227.89,2024-11-25,North Robert
40864545-fffc-44e1-8ec1-f58bcdbd4e01,Vanilla Sky,4,210.73,2024-06-09,New Rebecca
ea40a574-605d-41db-9fb6-17be1ef5b4a1,Fresh Linen,4,412.36,2024-11-02,North Bradleyland
348c8892-abcf-46b4-b8e5-731e8f8eb53c,Ocean Breeze,3,307.15,2024-12-03,Curryville
732c7cc2-3c6c-4528-9492-1558421a4dec,Amber Luxe,1,90.86,2024-09-22,South Lisa
96d8fea3-0cdf-44b8-89be-edbebcc87384,Velvet Rose,3,287.99,2025-03-09,Clarkstad
fd0b4838-fc67-44ae-a16d-d4db510b86aa,Midnight Blossom,5,594.54,2024-07-05,New Richard
102eb344-7e89-4459-8f4c-3de1d3ca6381,Spice Affair,1,82.45,2024-11-16,Victorland
8372f789-05bf-42b7-b1da-791ab90294ba,Velvet Rose,1,111.37,2025-03-14,Jonathanborough
c725c495-8a6e-4c08-8b1b-787da2ce8cd2,Citrus Zest,1,72.99,2024-08-14,Bellmouth
24c09547-02fa-4cc7-8e7b-d1483b5d17f8,Amber Luxe,1,111.37,2024-12-14,Lake Catherine
580fb2a6-0510-41f4-b18a-5c8e95eeec1a,Fresh Linen,2,150.6,2025-02-06,Pricebury
d708237e-6c2d-43ba-a1bb-65a84b547380,Velvet Rose,5,489.96,2024-10-01,Lake Craig
e40e3529-ed19-4770-b36d-95491a535f26,Mystic Oud,2,105.17,2024-10-08,New Paulaborough
eb01ea52-9ea2-4f5e-a84a-1fac1f294c32,Spice Affair,5,268.47,2025-01-15,North Anthonyshire
4580aec6-975e-4974-bd9b-deca23d909f7,Citrus Zest,2,137.67,2024-11-06,East Shannon
42407ad2-8dba-471e-9199-29bab633a50f,Velvet Rose,5,592.35,2024-12-25,Port Jaredfurt
baf581da-c6b9-49ee-91b1-80d3a95f5240,Golden Dusk,2,219.04,2024-07-23,Leefort
a5d97848-11d8-4ff1-913d-f3a2146013da,Vanilla Sky,3,297.51,2025-03-28,New John
767c1d94-b684-4df6-a95b-753076f714d3,Midnight Blossom,4,239.8,2024-12-18,Davidfort
86e8f112-b12d-4965-84e1-cdeed2de264a,Velvet Rose,3,339.62,2024-06-29,Robertshire
4ce51789-57c6-4d4c-99d6-cfe72d9ad8c1,Golden Dusk,5,229.45,2025-03-22,Robersonstad
c6bea83a-4493-4563-8152-ff039718294e,Amber Luxe,1,70.52,2024-09-05,Jamesmouth
eae6e663-644b-41f8-983c-09127bcabd2c,Vanilla Sky,1,71.04,2024-10-21,North Brianna
d6f7a614-8508-479f-9a09-5abb1fecc78c,Golden Dusk,5,242.28,2024-10-05,New Kimberly
633df200-76a1-40bd-ba21-40ceb5da72b8,Golden Dusk,2,124.07,2024-08-22,New Nathanside
2b123940-fecb-4c31-813a-0cc7c81fb579,Vanilla Sky,4,365.73,2024-09-16,Steveberg
6d2f344f-1cb2-4bdf-9f10-25a8d4848278,Amber Luxe,3,239.81,2025-03-05,West Frederick
1e6c696c-db00-402f-bb48-e37b825e7867,Vanilla Sky,3,333.3,2024-09-29,North Christybury
7b4d8728-b8e6-4836-8154-270978969651,Mystic Oud,1,101.12,2025-02-19,Port Megan
01e40b79-7746-46ac-ac21-96479108f275,Ocean Breeze,3,163.31,2024-07-01,West David
1a48ffd3-160c-4f7c-b9f0-f1ab751f6a04,Midnight Blossom,5,229.52,2024-04-30,East Jenniferstad
2b6ac3b2-65e3-4b2b-8626-b8d34cde69b3,Mystic Oud,1,104.95,2024-05-04,Justinview
b0add5dd-be77-44ab-a9de-b20773d7c71c,Vanilla Sky,1,45.67,2024-09-10,West Samuel
373464a6-33f9-4ba3-9427-3f1fe7ca4ff9,Golden Dusk,3,216.98,2024-05-10,Mosstown
daab1afa-fdef-4069-8691-9f32fc6398b1,Ocean Breeze,3,216.6,2025-02-27,South Nicole
fa1f0cae-3bec-4532-a79e-1759f5684067,Mystic Oud,2,207.16,2025-02-16,Williamsonbury
fa4a12f3-edc8-4cdb-87fc-accfc26895ac,Ocean Breeze,2,225.97,2024-07-29,Port Kimberlychester
605585b2-223d-4fe9-9a5f-930b5fa58ad7,Vanilla Sky,2,111.83,2024-05-07,Nataliebury
00dc846b-3900-422b-a4ee-f6b47288744b,Velvet Rose,1,69.96,2024-05-05,Lindsaytown
a601af9b-b99a-4063-b251-2bb3487e47de,Ocean Breeze,5,213.06,2024-05-02,West Eddie
65a57a03-d9c1-4fec-908a-30bcf0e4e4e7,Amber Luxe,4,178.25,2025-03-27,Port Drewhaven
a367d8f2-ea84-48ce-a153-71cd81366ff4,Mystic Oud,2,136.83,2024-05-15,Wrighthaven
0d833d98-8bb2-4bbb-87b3-a71860011eef,Ocean Breeze,3,192.66,2024-05-27,Davidmouth
80abfee6-b117-4d71-b4a3-f670988ba719,Golden Dusk,3,235.38,2025-02-05,Port Emily
30f7472c-341b-40d5-b70c-36d903b8d667,Midnight Blossom,3,152.28,2024-09-18,North Megan
d24caaef-42d2-4acc-8835-c4e7bcbbd90b,Amber Luxe,4,397.44,2024-12-08,Wilsonshire
17679cf7-7779-4531-957e-4214d1cda400,Golden Dusk,2,124.18,2025-01-31,South Nicholemouth
bc5481b1-78ab-4daa-8b4c-94682b66b45f,Midnight Blossom,2,158.27,2025-02-24,Wagnerton
bb24eb20-1247-4864-b59b-725d8c17b0ed,Vanilla Sky,1,101.87,2025-01-13,Davidtown
6b92d6c7-4bea-4194-a654-0fc5c128ea2d,Vanilla Sky,2,86.31,2024-09-17,North Allenport
852c5951-ee50-406b-9806-676bdff8244b,Ocean Breeze,4,341.99,2024-09-22,New Timothymouth
1382a8de-556b-44b6-b958-47e9fa0b9132,Vanilla Sky,1,64.01,2024-04-26,South Richardfort
8b338464-b58f-4519-8c69-b9f0c6ffa032,Ocean Breeze,2,122.67,2025-02-10,Lake Jenniferburgh
f8876ee1-1600-4737-a46f-731e86fe677d,Citrus Zest,2,147.79,2024-08-11,South Katherineburgh
834a5c23-e36c-451f-a340-4a1eedacb6dc,Midnight Blossom,2,85.08,2024-08-05,Morganfort
d4a25c1f-6ff9-49a6-bb17-3825a718182e,Fresh Linen,5,586.49,2024-07-14,Kellifort
d2086d5d-7721-46ed-ba30-37e2871c9fbc,Ocean Breeze,3,186.36,2024-06-04,Tannerview
62f9558a-109a-48b6-beb1-856c754594d9,Vanilla Sky,2,123.27,2024-08-05,North Jose
ce29598f-55ab-468d-82f5-429fe111c233,Spice Affair,4,446.69,2024-08-28,West Peter
86b8d6c8-0b69-4c9e-920c-c09662dc6476,Mystic Oud,2,103.12,2024-06-05,Oneillburgh
cde0dcb9-dfab-4ff7-8387-36f7efd09493,Midnight Blossom,4,240.54,2024-12-11,North Matthew
c6dbb69e-785e-42c6-a8de-8eb1b069162d,Mystic Oud,4,350.94,2025-03-23,West Catherine
ca087e40-70ff-4b1a-9b7a-19ee170a9e41,Vanilla Sky,4,403.47,2025-04-03,Beniteztown
8882819b-6d8d-4225-929f-12605d46c6c1,Spice Affair,4,343.34,2024-10-28,Alvaradoport
7db6b42d-fcb6-4b20-9ca3-2db1a2600f8a,Vanilla Sky,1,44.15,2024-08-05,Port Betty
ed44eda0-e998-4b15-8066-7634744c4915,Citrus Zest,2,191.38,2024-08-24,Lake Nicholefurt
a3d8b596-e154-4dbf-ba5d-eea6fb5c0264,Midnight Blossom,5,372.94,2025-02-21,South Tammy
2c6da8f6-444c-47ee-b74b-cec0a0809d41,Citrus Zest,1,98.31,2024-05-07,Laurenhaven
30457f94-57e0-4b36-9d49-f538860b734b,Golden Dusk,5,285.98,2025-01-08,West Emilyshire
12df9965-19ca-4d47-b28b-0aefb848e748,Vanilla Sky,2,94.66,2025-02-20,Lake Hannah
3abb7c29-f200-4f7c-b9fe-39edb78a0246,Mystic Oud,3,215.04,2025-03-02,Kristiland
2028a501-e39b-4161-9917-875942508928,Velvet Rose,2,234.52,2024-05-10,Teresatown
e004c9b9-01b4-4d56-8b84-8cfd9eb5e7ef,Mystic Oud,3,208.6,2024-06-09,North Melissa
9cd58c18-1031-4fcd-8cbd-e18f9ec7bcfa,Fresh Linen,5,496.6,2024-05-04,Amberhaven
9b120389-ec65-4c13-bb70-587d18b7c272,Spice Affair,5,250.35,2025-01-03,Sarahshire
b4ae1de5-d812-4db0-bb67-6352c66b894d,Mystic Oud,2,204.51,2024-09-18,Laceymouth
248395bf-fb73-4417-be67-c53ddfc8e263,Amber Luxe,1,51.86,2025-03-10,New Dominicville
1da5f25d-6f16-4c8e-8647-8c51ea205cbc,Mystic Oud,1,54.86,2025-02-12,Burnsside
cea0419b-654a-4010-88f5-b7f99866a5fc,Golden Dusk,5,331.18,2025-01-08,Sweeneyfurt
fc7c0d78-8bfd-4d40-84d9-781993731db3,Midnight Blossom,4,271.76,2025-03-31,Lucaston
921711a1-8bfd-4d33-8744-8ec095c4682a,Fresh Linen,4,294.71,2024-05-06,East Alvinburgh
78a4c444-e2cb-42f0-bfcb-c82f9f4392b6,Midnight Blossom,2,203.33,2024-07-13,South Nicole
08c024a4-7345-485d-a049-0ff79cdb880b,Amber Luxe,5,583.49,2024-11-01,Lake Jesus
86f7a2e5-84a8-42f6-a86f-97e4d44320a7,Midnight Blossom,1,115.0,2024-09-19,Lake Justinstad
ffd126d5-a395-44dc-9a82-0d617c348072,Amber Luxe,4,244.62,2025-04-05,Zacharyside
7a669b35-51bd-4470-bbd3-da457e435278,Mystic Oud,5,531.77,2024-10-31,New Michaelfort
0fd56c60-bff8-4ea2-9580-9576fbd1089d,Golden Dusk,1,47.32,2024-08-02,South Christopherbury
65e198ba-e3ee-465b-94e6-6da67f917eb6,Golden Dusk,1,68.01,2024-11-03,Mclaughlinfurt
a34a9e0b-9806-4a30-8cdd-dbdf4b68546d,Citrus Zest,4,320.7,2024-06-26,East Lisaville
06aaa545-d18d-4b5a-bd40-7d12e2611c77,Spice Affair,2,153.42,2024-10-21,Peterport
6031083d-df58-4803-9ab9-a845f442bfea,Velvet Rose,1,119.47,2024-09-05,North Nicoleview
f51b8b88-1f47-41c8-8c2e-e633a1032b4c,Vanilla Sky,3,334.83,2025-01-10,West Anthonymouth
2e7adc18-a4c2-4144-bdff-03217f20309e,Fresh Linen,5,397.73,2025-04-03,Port Michelleland
03922564-edba-4159-bef0-3241ee75c7a7,Midnight Blossom,4,349.95,2024-07-30,Samuelberg
ef49b862-6738-4437-be6b-1cc24bb20c6b,Citrus Zest,5,573.09,2025-01-11,Turnerberg
c68be766-ef45-4b55-a2e9-89c495a817e5,Fresh Linen,2,183.2,2024-10-27,Timothymouth
e8a3b771-1c3c-459b-a268-c8adadc7a646,Fresh Linen,4,196.21,2024-05-17,Port Michael
95881b7d-2c76-41f1-92ce-e9595369d8a2,Golden Dusk,1,45.17,2025-04-14,New Matthew
e52c4785-62d1-46db-841e-e956529723cf,Midnight Blossom,1,117.04,2025-04-10,Williamsburgh
7887dc3c-c79c-49ae-9775-67c27c12fd29,Fresh Linen,3,207.08,2025-01-07,Lopezbury
edc0b6c1-1d68-4f4d-93a2-9bd20a78bed3,Mystic Oud,3,229.91,2024-08-18,West Johnhaven
70bfea05-0bb9-47d7-8101-237e01355e11,Mystic Oud,4,240.56,2024-06-27,South Kenneth
c2aacf08-4b4b-42e7-b0e4-1370ab6a02ed,Ocean Breeze,1,59.13,2024-05-04,East Timothyborough
5eb7d97a-aa5c-4590-81f2-e3426117d168,Ocean Breeze,1,77.12,2025-03-31,Port Sandra
751eb34c-845f-4a8a-89ba-8df3281ad825,Fresh Linen,3,266.17,2024-07-06,North Jamesville
e97e6d91-3319-46bf-904c-d2561b73bf50,Fresh Linen,4,272.02,2024-09-17,South Johnny
039bd017-a230-46b1-9193-bdc6dca4285c,Midnight Blossom,3,176.19,2025-03-25,North Paulstad
32df5ee9-5e98-4851-b046-df983c07df49,Fresh Linen,3,227.76,2024-05-07,Port Robert
5e45e2dc-894b-478e-b989-1a6ab5ff50cb,Fresh Linen,4,197.01,2024-06-14,West Thomasland
974cd02f-915f-4d6d-ae51-e712842e93c6,Spice Affair,3,191.67,2024-06-03,Aaronfort
c6362d71-b224-490f-a8ef-cb5cc09179dc,Golden Dusk,4,324.39,2024-05-13,Brandymouth
0128209f-cd02-4533-8878-85b0d3e8b1b1,Citrus Zest,3,134.15,2025-02-10,South Michele
1ce94bed-181a-43f2-b9c4-d93815d65de8,Amber Luxe,5,346.84,2024-12-15,Nathanfurt
9a280494-b9f7-4359-ad2f-8d9cfc4574eb,Amber Luxe,4,167.46,2024-12-31,North Elizabeth
d001fc99-6c02-4073-902d-39584261547e,Midnight Blossom,5,415.64,2024-08-31,South Johnathanshire
2180bdc0-f2de-4010-9390-5df742229ade,Ocean Breeze,1,88.3,2024-12-21,New Valerie
4ffa4ead-8c01-4325-8187-c588fc68337e,Golden Dusk,3,164.21,2024-11-15,South Carlos
2af91b20-6e0b-4c3e-af6f-2aa0d2c79d17,Mystic Oud,2,141.73,2024-08-03,Ericksonland
32850d26-f21a-4569-b381-da7460cc9837,Golden Dusk,2,150.7,2025-03-05,Allenmouth
1ce7b758-cb19-45a9-a28d-26e6b254a645,Mystic Oud,2,183.46,2024-11-09,South Daniel
b3630b92-92cc-467f-9b02-c4059ee45883,Fresh Linen,4,335.6,2024-07-06,New Janice
b53732a4-e3ed-4150-a8be-0625e0d6ad6e,Golden Dusk,5,373.33,2025-02-23,Hernandezville
8c2d64c8-80c3-41a2-9212-78cd4c39ade3,Fresh Linen,5,533.3,2024-12-16,Port Stacey
1fad98d8-44d7-41f7-93c2-ad731db4c22e,Fresh Linen,5,341.99,2024-06-12,West Ericberg
a2794686-8e4f-4677-bead-5b967d7a7ce8,Spice Affair,3,226.0,2024-12-19,North Kathleenchester
7f8acace-80c5-45e8-bea7-5dff7fea6106,Golden Dusk,3,317.57,2024-08-12,New Jon
a89b5fdf-8fe4-42ab-a694-047c6bded649,Mystic Oud,4,353.03,2024-10-05,Jacksonberg
82bb14b3-9cd5-480f-a0fd-6d653d35659b,Golden Dusk,3,326.5,2024-08-10,Coxshire
c5cf9097-75ef-4247-a04c-7a67ba1f0585,Ocean Breeze,4,262.83,2024-09-07,West Heather
3307a5c5-4e40-41c3-9f4b-2691b42a56f2,Golden Dusk,5,381.93,2024-06-26,Tiffanyberg
ee810fbb-fd32-490c-b00d-0bebfbab1587,Golden Dusk,5,523.69,2025-02-26,Sydneyside
c64dd58d-aa0f-4150-bd23-eff4a36cb086,Golden Dusk,3,313.14,2024-12-11,Emilyville
3ebb4faf-2d37-4868-9e73-6532b6899158,Golden Dusk,5,560.09,2025-03-28,North Melissaville
79e16e1c-8672-402d-94f4-5698f21c1d74,Spice Affair,4,475.51,2024-06-08,Freemanmouth
cd73ac59-7aaa-4658-9686-12a011822ee8,Citrus Zest,2,82.77,2024-12-07,Jonesview
496dc5ba-9102-42a8-8c67-e6d82d5611ec,Spice Affair,5,411.91,2024-06-23,Kirbybury
5ff96ce4-b3d4-4b4e-9e50-02138962a7ac,Mystic Oud,5,208.86,2024-09-27,Lake Linda
15adeaa5-4b27-445a-a0b4-31d95e9437a2,Midnight Blossom,2,202.33,2024-06-08,Justinburgh
84db7217-82ef-4e6c-a849-6c6ad5cf1d91,Amber Luxe,3,146.97,2025-03-09,Kevinfurt
be89db2c-f323-4e14-8068-1f0eb2e47946,Citrus Zest,5,542.41,2025-02-23,Greeneport
7cafc83f-6cd7-45c2-97cb-78c725a9afa9,Amber Luxe,4,412.94,2024-10-13,Lloydtown
81eb4c37-fac6-41ac-8d2f-f92a6a277574,Golden Dusk,1,72.71,2025-02-27,Wiseborough
f1df129c-dbdf-4285-a4ff-f60f316fd2ae,Fresh Linen,1,114.76,2024-10-04,Gonzalezburgh
70f19feb-3bfb-48f9-a9ef-334cdc52ced3,Midnight Blossom,2,218.73,2024-05-11,Mariachester
7473f5d8-8f57-4dab-bdfd-b4cc6a1a0c6f,Velvet Rose,1,47.92,2024-09-22,West Kenneth
35b7e5fa-4de2-45ed-bf1a-3ae798215aa5,Vanilla Sky,2,214.92,2024-09-22,West Robertborough
6497b21c-9ae3-4afc-ac1f-56db7328ed39,Fresh Linen,5,501.02,2024-08-20,East Jennifer
5d4bba26-4c84-450c-8792-75f2d8bea95b,Golden Dusk,2,103.01,2024-07-19,Mooremouth
4a029dde-5df4-4829-986a-b63f65fe182c,Golden Dusk,2,116.35,2024-06-18,East Laura
d0192d99-9c78-4e9a-a89d-f950e4b288af,Vanilla Sky,3,342.21,2025-02-06,Holmesbury
b81c989b-f73a-4843-ac8f-4b62532bae9f,Spice Affair,3,229.99,2025-02-12,East Anthony
951062a4-c8e9-485b-a3f5-3aa0bbedcce8,Midnight Blossom,1,96.87,2024-12-06,North Beth
47366722-4cef-4dc9-8c8b-2d833e247239,Citrus Zest,2,126.46,2024-08-18,West Joshuatown
8b586b98-e899-4cfd-8fa2-055c8b9bb025,Velvet Rose,4,413.26,2025-01-05,East Bradley
ca78c9b7-df1a-46c1-98cf-c23b986665f5,Ocean Breeze,1,103.12,2024-10-22,West Amyport
5d36f658-3f1f-46aa-8c9e-313c9f81c8b9,Vanilla Sky,2,148.74,2025-04-22,Murrayland
1a5987aa-d8d7-4389-a976-ad05e47f05c6,Ocean Breeze,3,317.28,2025-01-02,West Julia
0d7df68f-39c0-4244-aa23-042de9acb736,Citrus Zest,5,237.8,2024-07-01,East Mary
630bf49f-3c1a-4f0a-b98a-7081f03aedba,Ocean Breeze,3,301.84,2024-12-14,South Leslie
8399dc93-846a-483e-8ca7-19b5e814cfeb,Velvet Rose,2,223.25,2024-09-21,Johnsonview
5c9d3880-c864-42d1-922a-cbb71d2d3d0d,Midnight Blossom,1,68.19,2024-07-09,Dianafurt
2426d1b3-05dc-4a3e-8d52-11e761ff93b7,Spice Affair,5,224.42,2024-07-20,Wardbury
ebd33d3e-5556-443c-9db2-805db147f76e,Midnight Blossom,2,87.17,2025-04-25,Dixonhaven
94acaa66-c1cd-4cff-ac63-40eb822b2598,Midnight Blossom,2,175.06,2025-03-22,Washingtonview
e98c1ff2-d4d7-40b8-a31d-20eae4c27533,Velvet Rose,4,437.26,2024-06-18,Rodriguezfurt
8deb9b60-99a0-4f25-b895-02ad206c83fd,Spice Affair,1,60.25,2024-05-30,Garciatown
b223864e-29e2-4a01-b2d5-c030196abf1f,Velvet Rose,4,263.16,2025-01-22,Bauerland
a0ae1c36-0c51-4fb3-b3f6-24bc1a8b0a33,Spice Affair,1,43.61,2024-08-24,Victoriatown
6f96b6cd-f866-4d2b-a85a-5045aa1cc007,Mystic Oud,2,174.9,2024-05-06,Lake Bruce
703398ca-f64c-4a26-8682-8ba37b3f412d,Vanilla Sky,5,254.88,2025-01-15,North Erikamouth
25fa2e90-4164-4d95-b723-23c4dd4fa252,Mystic Oud,4,286.74,2024-08-30,North Meredith
041396ba-a5a1-4d5c-89a8-faea8d494e61,Velvet Rose,5,451.76,2024-06-08,Lake Lydiastad
c3a7a7d6-86b6-4ddf-90da-8e003174be43,Spice Affair,2,103.63,2025-04-06,Ashleyport
9682bab2-fa1a-40fe-bce3-974d6639c686,Fresh Linen,3,324.26,2025-04-12,Christyberg
6da63433-78dc-4671-b0f4-3dcb4739e208,Fresh Linen,2,209.67,2024-07-11,Wendyborough
59f843f5-42ef-47fd-8c10-3b7a9de0c82f,Velvet Rose,3,217.55,2024-08-02,Emilyborough
9c9445ce-7c88-4cad-b389-fa32d04880ca,Fresh Linen,5,368.36,2025-01-17,Hansonville
2ee73ad7-f611-46a2-9ca5-1ea544ca6f4e,Amber Luxe,4,346.42,2024-05-18,Lake Brian
f462ec44-c2ff-4e10-8cf5-628dd622c832,Golden Dusk,1,56.95,2024-05-23,Port Maxwellstad
5eb5a978-6d1d-493f-918d-bdf3ce822dbc,Ocean Breeze,4,270.19,2024-10-10,Sparksstad
622d8cac-4a30-4b33-bce7-b6db11511d84,Citrus Zest,2,183.13,2024-05-14,Charlesfort
b3a96a0d-8521-462a-9efa-8f696c51de38,Citrus Zest,4,465.39,2024-07-22,Matamouth
491b1956-acb0-4858-9d2e-110f494ca393,Mystic Oud,2,172.03,2024-10-25,Jessicaberg
5a882e46-41c9-4ed7-8c82-ebe34e785f42,Midnight Blossom,1,69.3,2024-12-12,East Dustintown
3ec38d3b-19b3-4a8f-ab79-82159fe6bccf,Vanilla Sky,5,310.72,2025-02-04,New Markton
e311e687-881c-4722-99e0-7204c88e6276,Fresh Linen,5,316.68,2024-06-08,Taylorview
fb13a76a-f843-4bca-8a5b-a6d04ca48c7e,Ocean Breeze,2,115.02,2024-11-14,East Jared
647ebfa6-d603-478a-89b7-ee279b3a6f70,Vanilla Sky,4,468.01,2025-02-25,Lisachester
8730e0c5-93ae-47e4-bd3d-a69147c2ac6e,Vanilla Sky,3,248.26,2024-05-18,Jamesfort
24f95202-f576-4d74-8e82-92a89ee3397a,Midnight Blossom,1,82.83,2024-09-18,West Loganmouth
6b3c8935-426e-4ce4-be48-cce3ebe8caa8,Spice Affair,4,236.15,2024-08-27,Stacieside
96351308-9be9-4880-a0c8-9c52b304fc29,Fresh Linen,5,407.26,2025-03-10,New Julie
0d632d3a-0e58-4a6b-a2f4-b7e30ff31491,Mystic Oud,5,331.42,2024-11-21,North Mark
6c44baf8-759f-40ca-82b9-34c8f526e55f,Fresh Linen,3,354.86,2025-03-31,New Susan
7d852d7a-5ff9-46fd-8bd9-7a39e1ef45e7,Fresh Linen,4,211.8,2024-11-23,Morrisstad
9a5d610c-fe11-4711-87d7-731c4617100c,Golden Dusk,5,216.31,2024-12-14,Butlertown
8f9cc501-7c4a-4aa2-9943-ddace4eec1bd,Midnight Blossom,5,335.28,2025-01-01,Juarezton
aeff3de7-adce-40ad-bcaf-775ef5426b05,Ocean Breeze,3,227.78,2024-05-23,Jennaville
5158d79c-4f2e-4622-9580-4a4af41890e7,Ocean Breeze,1,91.87,2024-12-24,Davidview
cc88e0b0-09c2-4c61-be58-34ac224f8f98,Vanilla Sky,4,173.93,2024-09-30,Suttonbury
d31e117e-a909-490f-bce1-4b4d37c5e521,Velvet Rose,3,181.0,2024-05-27,Ianport
ec4f3f76-9299-4f4c-ba60-9dd8b2f97a98,Spice Affair,2,145.07,2024-06-24,Port Zachary
53f9f9b9-d40b-46a0-9491-74bad93c55e0,Amber Luxe,4,459.73,2025-03-11,New Reneeside
ae322706-4725-4426-94e9-4fdb98905e81,Citrus Zest,5,242.4,2024-09-28,North Jessicabury
80f65a10-5c86-47cd-a3a4-dbdb235b718e,Fresh Linen,4,469.74,2024-07-10,New Jennifer
7b33194f-fb67-4847-bdae-410b410da2b1,Golden Dusk,2,136.39,2024-06-07,Davidborough
1f77ebb3-6071-4ab3-9d6e-764f7ff886e7,Fresh Linen,3,224.15,2024-07-22,West Zacharymouth
8898d1e3-6ae0-4924-aaa1-f0e0edfe627b,Golden Dusk,4,192.03,2024-08-05,Port Johnfort
29d8eb40-79a5-4a0f-84e4-2fea8ecba73b,Amber Luxe,3,230.02,2024-09-03,North Peter
c94075cb-c2d4-4e5a-9e50-6791cbb1725b,Fresh Linen,4,217.76,2024-09-22,Jesseview
446fe894-eb64-4428-bb99-05adac0b3523,Mystic Oud,5,407.96,2024-06-15,Port Elizabethshire
f5af7421-f412-4854-a646-e12d82905773,Amber Luxe,5,472.13,2024-07-13,Yvettetown
40fe0939-2e7e-4c39-b437-d397e8da20d4,Citrus Zest,3,320.92,2024-10-19,Port Barbarafort
3816ee09-bdd8-4b84-b621-3ae3c27d78d0,Golden Dusk,2,94.48,2024-11-03,Lake Elizabethbury
b04094b8-26c3-45f4-9c62-8fb807add5d5,Mystic Oud,1,48.05,2025-04-11,North Dawnberg
a9368a6f-20d4-42ca-a2da-fe939ef4e7d4,Midnight Blossom,1,117.57,2024-10-19,New Robert
59de8582-3263-49e6-a113-99a488da339a,Amber Luxe,1,101.05,2024-08-26,Jasonshire
ec9fc7a5-d275-47ce-8a79-4bf9186f6ffa,Ocean Breeze,1,77.98,2024-08-27,West Jessicaburgh
15b1bafd-a2dd-42a6-8a15-98d8528df7ed,Velvet Rose,5,349.52,2024-10-14,Dustinfort
0d9dbdcd-4e2f-4eaf-b4ac-4401bd205c08,Golden Dusk,5,425.32,2025-03-25,Francesmouth
0a41b64e-e073-48ce-b002-e7f6ba5eaf04,Mystic Oud,1,43.3,2024-11-13,Christinatown
6621646e-7f8e-4ea4-9447-2bd2e2bc62f1,Spice Affair,2,211.3,2024-11-26,South Samanthaside
cd281527-0bfb-4d02-b1f0-bb84caab4fec,Spice Affair,5,472.52,2024-05-23,New Vincent
473c02ee-1b52-4d88-9c52-aa2d0afb4ce1,Golden Dusk,5,277.83,2024-05-05,Port Amy
88691518-2a68-4f6f-8b47-322e9c3e74c8,Fresh Linen,5,473.2,2024-04-28,Mcgeeport
626c32e5-224e-4a1b-859f-8a01bca70dd7,Spice Affair,3,141.74,2024-06-11,Markburgh
0ae63602-eea6-44b3-a469-d67f2097c318,Midnight Blossom,1,42.02,2024-08-03,Stevenfurt
fbc14fd7-256f-4fa6-a3f7-896228ea81d9,Mystic Oud,4,460.94,2024-07-18,Lopezshire
0d6f2c17-5a48-41d5-8196-e5fcb3a2da11,Amber Luxe,3,294.23,2025-03-20,Tuckerborough
21fd327f-0461-408e-ab82-4fca76f16aa9,Spice Affair,5,368.75,2024-08-16,Lake Kelsey
90299984-9a66-4b78-9d16-13916d782e00,Citrus Zest,5,370.74,2025-02-26,New Justin
f9c29543-53e2-4446-b46d-7b329288e4ce,Fresh Linen,2,203.48,2024-06-21,New David
ea35e0e6-082e-4163-b8cf-f6335702f374,Midnight Blossom,4,225.45,2024-10-02,Benjaminmouth
48c71bd5-913f-42ab-bba4-b72c0fb4f281,Fresh Linen,3,131.53,2024-06-10,Port Melissa
e6b3ffb0-669f-4b47-ae47-8ee98ec18a45,Spice Affair,5,512.6,2024-05-02,South Brookeville
abf84b7f-4c23-40be-a8af-50dd0c0800ac,Amber Luxe,2,222.48,2024-09-24,New Lorrainetown
edc00d23-dcd7-4a93-9368-35938d625b8f,Vanilla Sky,5,534.9,2024-05-06,Ortizmouth
98467780-5cac-4e67-8e31-9af753e14b9b,Mystic Oud,3,167.81,2024-06-26,North Ryan
cbead5f0-3f91-40c5-87fe-035e8c89a5fb,Fresh Linen,4,327.55,2024-10-31,Aliciaborough
165a3f89-55d5-403b-9449-723a5fd0df93,Ocean Breeze,1,48.92,2024-10-01,Johnsonborough
e8543f4a-a793-4f1c-b79f-251bf0a2a35f,Midnight Blossom,2,218.1,2025-03-05,Lake Shelly
d04aa96a-89bd-437c-96ae-2becd8a806dc,Midnight Blossom,4,354.37,2025-03-02,Terriburgh
cd11c965-3538-4463-8584-538cb0e52b33,Velvet Rose,1,108.88,2024-05-17,Rebeccaland
4c610423-1d61-42ba-8c84-f38fa499be57,Citrus Zest,4,361.72,2025-01-22,North Wendyburgh
3f1bb582-7474-4c5c-b823-47e03261a156,Midnight Blossom,3,191.8,2024-08-28,Jamesside
c75b98ed-1564-42fd-8177-a6b07b7eb1a6,Velvet Rose,1,81.03,2024-07-24,Crawfordtown
86e77d86-310a-4b19-9ffe-6d3d1150c1ee,Mystic Oud,5,573.45,2024-08-12,Timothyshire
65c58d63-f9d2-49d6-9e77-3198f50e9616,Amber Luxe,4,209.06,2024-05-23,South Patrick
c8e6b025-c7c5-4e9e-9d1d-b21658a7aac7,Velvet Rose,3,313.15,2024-12-22,West Lisa
66c45091-c2e4-43af-9d3b-8ca3a50ea9bc,Citrus Zest,1,97.21,2024-12-02,Christophermouth
1ab531fa-7d93-483c-8dcc-52b2a58721ec,Golden Dusk,4,334.54,2024-06-23,Wrightport
6e8d93db-dd47-4b9e-9a8b-b12f9c9662ef,Ocean Breeze,1,78.36,2024-11-03,Washingtonbury
02779e8a-8e26-4fc5-b8d6-d75ff556f3b0,Citrus Zest,5,359.15,2024-05-14,Lake Ashleytown
6fb79eeb-4019-47c4-9527-cd1c85118aac,Fresh Linen,4,333.17,2024-05-05,Younghaven
5c966125-23d8-4a4c-babe-05c853218671,Midnight Blossom,4,324.59,2025-03-03,South Derek
9cf631d6-8226-40f3-a81d-1bccd94d3e06,Vanilla Sky,2,147.68,2025-01-28,Robinsonchester
742d1bfa-92c5-4d2f-adad-c0349dd6dc08,Spice Affair,2,176.91,2024-11-24,Williamschester
4957fd63-4d75-4070-b512-ff38d1a8bd9d,Golden Dusk,1,49.34,2025-03-03,Scottstad
b68c2bcf-0fd7-4473-a7a3-b1d8f99c49d3,Citrus Zest,5,423.72,2025-03-02,Montoyafort
342f53d2-ff2d-44d4-a58d-00523f60e133,Golden Dusk,2,186.62,2024-10-09,Mauricehaven
e15530ce-7b19-4b1d-820e-e693fec98dc4,Vanilla Sky,2,92.2,2024-09-02,West Meghanberg
70f9189d-2c8f-4d8d-9420-096d353e1a56,Mystic Oud,5,374.24,2024-04-30,Arianafort
752995ca-c1f1-4e6b-93f3-369486abebac,Spice Affair,5,396.94,2024-12-28,North Williamside
a800fa2c-e99f-4bc5-9717-d20446234ea0,Ocean Breeze,1,59.95,2024-10-26,South Patricia
6a543df2-f84c-48b8-9d5c-658d2526a67e,Fresh Linen,2,212.93,2024-08-29,Royville
ad4ec328-5f63-46ac-b7d0-3c365a75117f,Amber Luxe,2,112.41,2024-07-27,Kentport
569621e1-76b6-4f32-9fa9-516e464327fa,Mystic Oud,5,230.71,2024-09-02,Barronhaven
d2299215-ed4e-416e-b069-ca4c0bd0ca72,Vanilla Sky,2,120.37,2024-05-12,Osbornhaven
a7307c2d-b0b2-4e61-a5b9-6ab80bc30f3d,Fresh Linen,5,484.62,2024-04-26,Dustinshire
eed550a1-6def-477d-947f-6c3e6b42f445,Velvet Rose,4,422.53,2025-03-24,South Henryburgh
f9e49fde-6712-4a2e-9519-f84d4c94b0f1,Mystic Oud,2,94.3,2024-12-25,Michaelview
affc3d6b-0b70-4756-a70f-e73895e29eae,Spice Affair,1,119.67,2024-08-18,South Joseph
5eee03ee-7d00-4886-b398-e14ac19a7ef2,Citrus Zest,5,453.88,2024-08-12,North Kelseyland
93ccc1be-cac2-4702-8547-174d0636b5cc,Ocean Breeze,4,474.74,2024-07-16,West Andrea
2d995722-9d4b-450f-8262-31e3f54964ca,Fresh Linen,4,174.82,2025-04-24,Sarahburgh
2f8cba3f-625c-4e92-bce2-b84855d5b187,Vanilla Sky,1,87.37,2024-12-03,Allenton
58658059-e641-4065-8418-62023c4adacb,Spice Affair,5,299.45,2024-11-22,Scottville
e0843c6c-4632-4a97-8385-e3ccd714af68,Amber Luxe,5,483.3,2025-03-29,East Dawnberg
ebc17760-0948-4d3e-8d25-8949e2d4cca4,Fresh Linen,5,505.91,2024-10-01,East Tammy
a36b7a64-8b01-493d-9137-26be172b4898,Citrus Zest,3,202.46,2025-01-07,East Tylerhaven
130a9358-37e3-4ca5-916f-d284fc91c944,Ocean Breeze,1,59.8,2024-09-19,Jeffreyfurt
e85dba0c-bdc8-4a64-a097-e809909a860f,Mystic Oud,1,47.71,2024-12-31,New Kimberlystad
f7d1b530-3f7d-4d4f-8cc4-9b7ec9f0cca3,Citrus Zest,5,515.64,2024-11-26,West Samanthashire
2932387d-e63c-4f35-8b69-e687038bf2dc,Ocean Breeze,1,77.13,2024-05-06,East Barbara
360dfefc-78aa-43e8-9a0b-366a976ce6cf,Mystic Oud,4,164.95,2024-08-05,North Dana
824be8d6-eb25-4345-9338-ae119b3220b3,Amber Luxe,2,116.04,2024-07-31,Noahburgh
d7129445-edeb-4a4c-b45b-bad765c30c5b,Velvet Rose,2,151.26,2024-12-24,West Johnton
2adac27a-fa28-409e-96d5-ae42fae4cab4,Fresh Linen,4,440.22,2024-11-13,Robertsonville
395f82aa-d99d-4258-8cd1-fa531d27769e,Ocean Breeze,3,279.42,2025-01-31,Campbellborough
93dbcf4b-dbb6-4de3-8257-d43582798fb4,Amber Luxe,5,584.81,2024-05-25,East Anthonyport
c2268ef2-ae1e-4e70-9d2a-db899e8050b3,Amber Luxe,5,481.59,2025-04-07,Amandashire
a6482978-8c29-43bb-b792-512268861890,Amber Luxe,4,355.39,2024-08-13,Lake Megan
14deb83f-0afa-42ec-8ef3-c34b3733c64f,Midnight Blossom,5,389.56,2025-03-21,Kingberg
8266807f-662c-4b0e-839f-6059a490aca8,Midnight Blossom,1,60.18,2024-12-19,Ramseyfort
49b0688b-9780-4625-80d5-ac6f71069c13,Vanilla Sky,5,294.61,2024-11-28,East Mary
b7824170-113a-475e-aa26-fe4f7f19883b,Midnight Blossom,5,382.2,2024-12-15,Kimview
8376ef1e-7b3f-40fc-b7d7-05bd5d1653f9,Fresh Linen,1,91.07,2024-12-01,Nicholasport
27ecb75a-f0d6-4cb7-be0d-cab1c789bd3d,Vanilla Sky,5,579.11,2024-06-05,Lake Rachel
f55897b5-f0e7-4c7f-a960-f61eb8b3163c,Vanilla Sky,3,208.54,2025-03-17,Atkinsport
c9c8e5b9-5ca9-4bd1-9f13-310cda0e4610,Golden Dusk,5,228.34,2024-10-11,Daletown
7afbe0db-64fd-4c4b-8d8b-9a8b5f715868,Fresh Linen,1,103.86,2024-09-29,Lake Megan
9f1c28a1-144d-4f2f-a72d-67307833deb8,Velvet Rose,4,203.32,2024-12-10,New Sabrina
26c8b88c-d2f3-4a12-9225-d80239ef476f,Amber Luxe,3,328.55,2024-10-26,East Davidborough
bb4c6045-c155-4dd8-8bb2-476dfc432bc7,Ocean Breeze,1,85.9,2024-08-13,Ortizfort
6262b140-7800-45bf-937d-4cb2ba2055cf,Vanilla Sky,2,155.52,2024-05-05,Port James
20b9b00d-bc57-4773-a616-9ee1005a5aef,Fresh Linen,2,99.71,2024-05-27,Port Sarah
24fd8ebc-43e8-45a9-b6b3-7394ec11725d,Golden Dusk,4,270.05,2024-07-18,Nicoleshire
ebc1d9b2-2251-4471-a218-87350c8cb4de,Ocean Breeze,2,107.1,2025-02-09,Lewiston
596df15c-758c-406b-aa45-dbced5deec74,Vanilla Sky,1,77.48,2024-09-16,Port Brianport
b70f2a98-23b9-4bca-a3e0-4b9e2b3c595e,Amber Luxe,3,300.16,2024-06-26,West Jessica
481dd695-8504-4124-ba2f-29531d68a6c5,Citrus Zest,3,220.5,2024-05-10,Acostaton
1554b35e-fe90-4399-bdb9-a7cb86518777,Spice Affair,2,162.67,2024-05-30,North Nancyland
ecbc4c47-dda3-494c-a319-4c9a7814dc9b,Citrus Zest,3,121.39,2025-02-10,North David
8d4ffb17-838a-4449-8d98-c429fe12187e,Ocean Breeze,2,228.55,2024-10-16,West Gabrielberg
76a6f4b5-9a93-4977-84e0-b518722bc6f9,Velvet Rose,5,270.13,2024-08-13,Donnamouth
a706009f-3006-4a81-b5e5-416c923dd638,Golden Dusk,1,113.46,2024-06-29,Ashleyborough
dc46543f-5060-41c8-8252-b5f262ebdf26,Golden Dusk,3,126.56,2025-04-26,North Andrealand
71a3fe20-2e1a-43cf-b64d-bd1814186d3a,Mystic Oud,1,89.15,2024-05-18,Taylorfurt
2a4f4bfd-4de8-464a-9e7e-07c45892ad7b,Vanilla Sky,3,245.08,2024-07-02,Davisberg
9f5b6a3b-c048-4ae3-a20d-ec67649d83ae,Spice Affair,3,296.3,2024-04-29,West Melissashire
a9610716-c6f1-4e46-a74c-d6b0172de2e7,Vanilla Sky,4,404.79,2025-02-19,Port David
ff294ebc-78de-4552-9b6d-2a4df800b23b,Ocean Breeze,1,74.4,2024-09-07,Dukeburgh
04b6eb2e-8857-45a3-b5f5-edb2ba06775a,Velvet Rose,4,407.77,2025-04-19,Nathanielside
013592ca-9c2a-4e70-8259-2c13df2ed987,Spice Affair,1,80.67,2025-04-26,Port Katrinaport
e650384e-b042-4ac0-920e-7eb7cbeb8b00,Amber Luxe,3,318.36,2024-12-04,South Jacobview
d0cf099f-65cb-4a43-8ebb-a923b6569756,Citrus Zest,1,96.73,2024-09-06,New James
f04de92e-b1ee-4a7c-8534-f3b7460b8de3,Fresh Linen,3,132.09,2024-11-22,North Charlesbury
7f1aac78-520f-49d8-b8b1-b946117d9817,Ocean Breeze,4,343.84,2024-09-27,East Morgan
bcdb7267-5a07-4a9d-a912-659dfc9767e4,Spice Affair,2,164.34,2025-03-13,Lake Christopher
d9e79099-5653-418a-a2f4-01833e7de576,Golden Dusk,2,125.82,2025-03-21,Kathleenville
9912d23c-2648-4138-8298-bcde1d1bd81f,Ocean Breeze,5,567.66,2024-10-13,Lake Ralphburgh
f956daea-bc64-4708-b9c3-f4a191771d19,Ocean Breeze,2,175.69,2025-04-25,West Aaron
5c422619-3627-465f-aa8e-ce9f571bf633,Ocean Breeze,2,130.13,2024-09-29,West Peterhaven
11d03f8c-2809-4427-8d2f-2bfae949fa24,Mystic Oud,3,161.85,2024-12-24,South Matthew
eda83bdd-f776-43b0-a942-1a67e288b152,Velvet Rose,2,131.61,2025-02-11,Martintown
08432f9a-f4e0-455d-96e7-4b1658f824be,Mystic Oud,2,191.57,2024-08-12,Moralestown
4fb43a1c-2079-414e-b52d-7855c59914ae,Vanilla Sky,5,584.41,2024-10-26,Benderfurt
1b268264-4d6b-456c-a2e2-c5b0877ee1cd,Velvet Rose,3,278.57,2024-08-30,Julieview
e3d44504-1314-407a-8c27-0720fa664af3,Citrus Zest,4,363.86,2025-02-28,Villanuevaport
7a59b3c9-7385-4362-b4dd-71cb59c88c62,Vanilla Sky,5,341.51,2025-02-03,Anthonyside
9cf50461-d317-4d0d-b448-81a7c6047751,Golden Dusk,3,258.02,2024-12-30,North Kathyville
7b15aaad-589b-47ff-9494-cbd3a18a96ca,Amber Luxe,3,199.07,2025-04-24,Port Elizabethton
dac113c4-cd41-4687-900b-e01cc5abc61b,Amber Luxe,4,471.52,2024-10-19,Robertsland
37dc76f9-bf91-44c9-b63a-ca8d1c119875,Amber Luxe,2,177.06,2025-02-10,West Tammy
177d79dd-fafb-4a9b-bc6d-b89f5de77507,Midnight Blossom,4,251.86,2024-12-31,East Benjaminchester
ab710e1b-9837-48a8-bc38-1759b164e491,Amber Luxe,5,413.34,2024-10-12,Lake Lorichester
d733b900-2af3-47b1-bd93-0a648c73cb54,Velvet Rose,4,399.25,2024-07-14,South Connieburgh
61be3a93-f2e0-49c2-979c-ff6feb257036,Golden Dusk,1,118.09,2025-04-03,Fryville
92fff1b2-4996-4c2d-a878-461ff3bef27b,Midnight Blossom,5,435.21,2024-05-19,Kellyville
281ead4f-0a96-4351-bd3c-a1e9b33a0fab,Golden Dusk,3,124.43,2025-02-24,Port Lindsayshire
75e167bf-0b89-4d87-adc6-c7284d21d87f,Ocean Breeze,4,258.64,2024-07-29,South Emilyview
41493def-7715-4ff4-b0d3-11014beb2f3a,Citrus Zest,1,53.13,2025-02-01,West Jonmouth
07731665-a215-4831-ae35-e02b69b49efd,Amber Luxe,1,74.13,2024-07-07,East Kimberlyville
25373c52-b8b6-4ccb-95de-069c5fbc5069,Fresh Linen,5,404.55,2025-01-26,Port Alexfurt
72d6f602-5e33-4d02-9d9f-7df2460205a6,Fresh Linen,2,124.6,2025-01-24,Leehaven
d0fbe984-1426-4cbe-9132-20ef013cc90b,Golden Dusk,2,106.89,2024-11-25,South Rebeccahaven
4abc37a1-2b6b-4786-9cbe-ecbc45270610,Midnight Blossom,4,396.78,2024-07-13,North Kevin
89ee03a0-8892-4cff-a43a-249d4a126737,Amber Luxe,5,506.9,2025-03-13,Marshallfurt
400c33c1-9b7c-4a7f-97cd-c2851ed6c505,Midnight Blossom,5,279.45,2024-09-19,Marymouth
72ca8d20-4e62-4d10-b818-73a6a4432297,Golden Dusk,5,383.82,2025-01-25,Christopherbury
79cf4b48-b6c5-4676-b9ee-2636b44e2d82,Spice Affair,1,77.68,2024-05-02,Julieville
effe6f73-2e95-49ae-a570-5160ee8ccda4,Spice Affair,5,513.82,2024-09-03,East Billy
2d99757a-c189-4928-ade7-cffa350d4609,Spice Affair,5,252.65,2025-02-01,New Codytown
c0d99b59-713b-4c9f-b8aa-69fa788740ba,Fresh Linen,1,69.36,2025-04-20,North Marissamouth
5ef951ff-c4a8-4e8b-83cd-5f0573ad702c,Golden Dusk,2,202.57,2024-09-19,Port Emilyburgh
8900ecc5-ed66-40b5-ae33-5fa0f97b99bf,Mystic Oud,1,70.51,2024-06-30,Jordanmouth
5bbe7fc1-ac1b-49d3-9226-a434069b3e20,Spice Affair,1,112.8,2024-08-14,New Thomas
6f2bd221-53b6-41ab-905d-03f4db777374,Citrus Zest,2,238.98,2024-11-25,Michaelbury
c6013e2e-5541-45a9-93c0-eccc7ef09a10,Velvet Rose,2,128.04,2025-02-26,Burkeville
474221de-16de-41dd-a58e-c7977b4742ec,Vanilla Sky,1,44.72,2025-04-09,Lake Christopherberg
5b856b92-7113-487a-adbb-92bbdb67e91d,Velvet Rose,2,99.26,2024-09-19,Alvaradoview
26417e83-4704-4f28-a990-b39af5c95392,Citrus Zest,4,167.65,2024-07-23,South Amanda
92a590da-a00c-496c-a4e0-829b4708a7ea,Vanilla Sky,1,91.93,2024-11-15,East Tinamouth
18d0a971-49be-4c67-ba82-beb9d48a74ff,Vanilla Sky,5,387.49,2025-02-01,Kirstenbury
d7b386de-a206-48c7-9453-d89a12451ed9,Citrus Zest,2,144.97,2024-07-06,South Roy
a1318bab-f2eb-495b-99af-0a63ef09e12e,Mystic Oud,3,348.55,2024-05-07,West Janetview
1f138e07-af49-4f31-b2c7-5cc150f0bc46,Amber Luxe,3,255.82,2024-06-07,Ivanside
9f5addec-3525-4149-ad96-5a3b9fae1467,Golden Dusk,5,419.58,2025-02-27,Angelabury
a4a90a29-8059-4d53-adeb-4b35ca64e4ce,Amber Luxe,4,175.87,2024-05-03,South Seanburgh
6ca405f0-45ae-4e5b-8ba8-74a5cfd6bee0,Vanilla Sky,4,393.81,2024-06-18,Lake David
92a7ca1c-0abb-485e-a13c-7bc3310039b5,Golden Dusk,4,182.79,2024-08-27,Stephenton
9da1b020-f40d-4686-8413-62d9d9a9672a,Amber Luxe,5,343.02,2025-03-14,South Ronald
9390070a-cfb0-4dfe-bebf-a8486ee910ba,Fresh Linen,5,577.6,2024-11-26,South Jeffrey
990b8666-de41-42e7-bf5e-cd20d8dabbd9,Golden Dusk,1,94.69,2024-05-14,Port Justinmouth
868c8b24-da6e-4645-8f57-c9c39ae00e38,Midnight Blossom,5,398.47,2024-05-17,North Edwardmouth
1e276b7a-a1b9-47a4-9118-a28c26a9c88b,Midnight Blossom,1,77.7,2024-05-06,Lake Cody
561a7152-0f5f-47e7-99ec-fbc50066c82d,Golden Dusk,1,98.01,2025-02-07,East Jamie
d9bfb442-a402-408b-b02f-6597a54c8b37,Velvet Rose,4,443.4,2024-07-12,North Russellville
4b13cd9c-3a40-4e36-ba15-75e00aedebe2,Vanilla Sky,3,200.51,2024-11-21,Brittneymouth
6860053c-f9f8-4cdd-835d-87f1d536763b,Ocean Breeze,4,334.09,2025-03-19,Brownmouth
8117dac0-5dd3-4f30-b051-765f490ec1f0,Fresh Linen,4,182.1,2025-04-03,Port Brittany
5817cc39-bf05-466f-b998-395ac5e76a28,Fresh Linen,4,241.85,2024-10-06,Rebekahville
3fc1fd00-179e-4104-82e3-7a6817a8e947,Vanilla Sky,1,43.81,2025-01-02,West Christopher
b0c7f2ba-96f0-48a3-8996-c5ac2261befb,Golden Dusk,4,294.9,2024-08-27,Lake Laura
841da4a2-2bd4-4934-8e56-801d8ff42a77,Spice Affair,5,500.65,2025-02-22,New Linda
a0fb138f-37a1-46ee-927e-c41d6f0fa7cd,Spice Affair,5,531.57,2024-11-23,Lake Renee
7e1d865f-a566-4acb-9f68-67df15c73490,Midnight Blossom,4,180.89,2024-05-15,Escobarbury
193a845c-c9c5-490c-9b04-aca5ffbd48dc,Amber Luxe,5,596.73,2024-11-11,Lake Lisaville
b7eaeb69-a114-4512-a6fb-aeb90f1e556a,Citrus Zest,4,296.57,2025-04-04,North Jasonstad
7aeb2f2c-d237-47bc-ab7a-f5b47c4fdd4d,Amber Luxe,5,467.15,2024-10-08,South Jordan
0cbd8782-4307-4f7a-94bb-b646daede7d9,Amber Luxe,3,150.38,2025-01-28,South Josehaven
e943f4a7-5c93-4eda-af9a-bd904b376a01,Fresh Linen,3,130.5,2025-03-19,Phyllisside
f6929d8e-e771-4c93-a1cc-66a51f933db6,Mystic Oud,4,303.29,2024-11-07,Port Jenniferburgh
f03ef88a-a430-4a25-8cdf-ac436a31cb3b,Mystic Oud,5,533.72,2025-01-24,Millershire
98e8d5a3-8841-47db-96c9-7865996fd1d3,Amber Luxe,5,369.73,2025-02-12,North William
046113b9-e8d4-4db5-87f1-7af58eaf4723,Midnight Blossom,1,58.49,2025-04-02,East Ryan
67b2cf7d-5f2c-4ca7-8a17-9e63348f388a,Mystic Oud,2,146.92,2024-07-30,Theresatown
98bdb904-8309-4075-9d46-1365402273cc,Amber Luxe,2,215.53,2025-01-26,Longborough
90bc20ff-2992-4dc8-b135-6ffa74bdcb34,Spice Affair,2,110.27,2025-01-16,New Alexandertown
9db29080-88cf-4428-884a-3b29e232a47c,Midnight Blossom,5,512.64,2024-08-13,North Derekville
dbfae786-5e28-470d-804b-7807ebdaf702,Mystic Oud,2,85.67,2024-08-31,Joseview
760ec4be-32dd-4a57-9700-bc82fc1167c2,Citrus Zest,3,135.46,2025-03-15,Cantuview
413170d9-6b9c-4ca3-bf42-ceb919201471,Vanilla Sky,5,453.0,2024-10-02,New Ruben
ff0033be-fd75-4afa-95ab-67e2d5ad11a7,Spice Affair,4,236.65,2025-03-19,Port Gabrielburgh
67c30cc7-5e58-4ce1-b0cf-2fa96185eab0,Citrus Zest,4,187.31,2025-02-26,Barnestown
498e14aa-f18c-4cd8-b83b-be6cd84b9012,Velvet Rose,2,212.77,2024-09-21,North Jocelyn
ad24eb02-be5a-41a4-abf0-7324b739a422,Vanilla Sky,2,210.2,2024-12-18,Cynthiastad
994e6778-d9f7-4231-aa89-ddb07e74d4c0,Vanilla Sky,2,145.11,2024-09-03,Cantrellville
66c95472-356f-4d1a-b0ed-6f5e759e70f3,Golden Dusk,4,205.51,2025-01-26,South Philip
9d31ac86-0335-4042-bb40-a66fa7013769,Ocean Breeze,3,166.1,2024-07-22,Port Julie
a893c036-1933-4c52-8741-cf6077a5698a,Fresh Linen,1,73.52,2024-11-09,Dwayneland
bd100fc5-2098-4788-a7b0-4b327b539c5f,Golden Dusk,1,62.2,2024-10-03,East Joseph
91057751-6d91-4005-8e7b-896966beb619,Golden Dusk,5,544.01,2024-08-30,East Christina
f01981a2-329b-436d-a4ff-786a6c90bd33,Citrus Zest,1,48.27,2025-03-24,North Kelseystad
b7b5f8b8-366b-4cc7-b3c7-c783586df22b,Mystic Oud,2,165.03,2024-10-06,Port Melissaview
f94b7bea-ee86-4ee7-9709-0404d8e09eff,Ocean Breeze,5,506.7,2024-05-01,Joshualand
1abe790d-bce4-4f73-8a57-c41d817c2ae6,Spice Affair,5,577.26,2024-09-06,Ramirezside
afe600d0-f650-4175-88b2-b5ed117cf124,Amber Luxe,2,214.47,2025-02-23,East Joseph
3921388b-4a52-4f15-a0b4-39fe1b6d6c43,Citrus Zest,2,235.16,2025-03-27,Michealchester
22550daf-a62b-49f1-8385-33860942cba1,Mystic Oud,4,171.67,2024-07-26,South Heather
37efaedd-c73e-4c55-b849-2b371c4a1267,Citrus Zest,2,161.36,2024-09-10,West Marystad
90f5726f-c233-4907-9db3-395589e1e410,Spice Affair,5,239.5,2024-05-26,Sarahstad
02ee2806-ac25-44e5-a157-cb9f042029bd,Velvet Rose,2,211.93,2025-04-12,Jonesville
f4072fb9-300c-4347-a941-7355e0cd5734,Amber Luxe,1,107.64,2025-03-20,East Gregory
0822ce36-804d-4daf-b626-834ef40fd1a4,Ocean Breeze,5,455.9,2025-02-07,West Mason
cb813b46-66b1-460b-8da0-889f71bd2214,Spice Affair,1,83.57,2025-04-02,North Daniel
72adf208-a3dc-40e9-9cae-c8e4d39b51ca,Vanilla Sky,1,66.87,2025-03-09,South Rodney
ea70a22d-56c9-4ec6-aa23-3ab28278790e,Amber Luxe,1,71.55,2025-01-23,North Elizabethmouth
40b167e2-06a9-4d8c-a547-efa7a48e21d1,Vanilla Sky,3,280.72,2025-03-23,East Stacymouth
4892e05a-49b9-4121-b99c-a5ab7de705f8,Golden Dusk,3,202.51,2024-08-30,South Jasmintown
18952cce-8819-4cb7-8ecf-9d46cdbf2b91,Amber Luxe,1,55.75,2024-07-20,Cindyview
1cf3eb52-421d-4fc8-aab8-230c786b1f9a,Fresh Linen,3,200.81,2025-03-29,South Davidmouth
37032797-8e33-499f-9fa3-b6c99e422844,Golden Dusk,1,116.0,2025-02-07,Paigestad
b5cfad62-2350-450c-8995-fd9cc0063b7b,Citrus Zest,4,316.93,2025-03-13,North Mariafurt
0734a50c-ed58-4c92-a04e-7daa1f85ec89,Ocean Breeze,2,117.12,2024-09-10,North Kristen
ebbd1c1c-6454-4b90-bbf2-620ea8691dbe,Vanilla Sky,2,178.69,2025-01-27,North Isabellaport
e1f4eec1-f755-421a-97f7-5d73872f00d6,Velvet Rose,2,110.86,2024-12-07,West Mary
d204cf0f-dce1-4783-ba2d-ae83e3098ec7,Citrus Zest,4,237.51,2024-10-25,Hernandezton
c3a3b017-7545-490a-b325-7acf9ad475b7,Midnight Blossom,3,240.22,2024-10-10,Ericamouth
3a93cd2b-f3d8-45e0-ac0d-32b28263312b,Amber Luxe,5,344.12,2024-10-04,Lake Karen
8bea83cc-165f-41d0-94da-ed29e8976ee8,Velvet Rose,1,43.98,2025-02-24,West Deborah
9bbcedc5-a966-4c14-b596-8013dd08a346,Golden Dusk,1,58.48,2025-03-23,Joyland
d168b6a3-2071-4554-bab4-459a9534fcb3,Mystic Oud,5,342.73,2025-01-11,South Jacobton
48857632-8c5c-4a38-8ba0-39ef3e01c784,Spice Affair,1,67.0,2024-06-05,South Jennifer
5067c3fb-b8da-4729-a079-c9acbcd37b1a,Fresh Linen,5,422.36,2024-07-21,Latoyabury
fd2e0a5f-f8b8-438d-898e-ae160dad84d3,Citrus Zest,1,107.06,2024-08-31,Lindabury
904b9efd-bcbd-4034-979a-e06933efe886,Spice Affair,3,287.17,2025-02-11,New Ricardo
2caacea2-2193-4e4d-b897-f37cbb18c4e4,Mystic Oud,5,239.79,2024-07-19,North Hectorborough
9af9ca90-5efb-45b6-b8f4-81be41c87e52,Spice Affair,4,355.39,2024-05-21,West Amandashire
39561286-a063-4424-b6d1-994015ec9770,Amber Luxe,2,230.59,2025-01-03,Johnhaven
4da414bf-d001-49bd-aef6-176c18b2e20f,Citrus Zest,1,41.22,2024-11-14,South Adamshire
4c5f86a6-cc8e-4ee5-968b-67b02c55f5c2,Golden Dusk,5,213.02,2024-05-17,Thomasshire
a623cb94-2b64-44a8-b783-870029675717,Ocean Breeze,1,68.05,2025-01-10,Ianborough
5dadfe1c-a269-40f7-81c0-6fcda2d74a9c,Ocean Breeze,1,110.62,2024-05-01,Onealstad
97fbc404-dfc0-406b-9537-ba2bd88b4b67,Mystic Oud,3,248.19,2024-11-23,Adamsside
521619be-906a-486d-8ca3-932c738899d3,Golden Dusk,1,57.85,2024-11-24,Nicholasshire
07e231ce-b0c9-4fa7-9056-2dca28bc767c,Midnight Blossom,2,87.96,2024-10-09,Port Amber
658188cc-9e6f-47a2-984a-038257688e48,Mystic Oud,5,588.36,2024-09-26,Loganland
2eb85175-759f-4a1d-8676-cb657f387a7c,Mystic Oud,1,48.47,2024-12-12,New Franciscoview
ef728cb9-5219-4394-872d-006c241716fd,Midnight Blossom,3,172.7,2025-02-07,West Keith
835a84b4-e528-45fc-8394-ec55001f4eae,Vanilla Sky,3,279.71,2024-07-31,Nicholasberg
64ca245f-cdd5-4a0c-9fb2-2fb022e9cb94,Citrus Zest,5,440.58,2024-05-28,Lake Sallyland
6d79a687-c0fc-42cf-a8dc-736ed8f18e0b,Midnight Blossom,1,80.39,2024-10-18,Lydiahaven
92c8b544-735c-43d7-8a49-354b8d8ab711,Spice Affair,5,477.91,2024-08-21,Walterville
a93d5ccd-5edf-4bef-baab-c3832b201059,Amber Luxe,5,332.88,2024-09-17,South Joannashire
513af1c1-17d0-4fde-949e-2f12a096046b,Spice Affair,5,339.26,2024-11-17,Lake Maria
8e4ee1e5-0947-4ad7-8f8b-54d276440a66,Amber Luxe,5,407.99,2024-07-31,Taylorberg
35867529-7002-4e82-b214-302f36281c4d,Fresh Linen,2,135.3,2024-07-26,New Michelleshire
81e782c7-4407-41f3-aeb1-c5fbeb7c2d3a,Mystic Oud,2,193.84,2025-01-29,Juliashire
34af82a9-c712-42f8-a3aa-716381de18e4,Golden Dusk,2,183.88,2025-01-27,Meganland
f02a2c03-974b-4fe7-a207-56aeed3e17f9,Amber Luxe,4,206.26,2024-08-06,East Michael
5518ed4e-34d0-497b-96b0-090a9c1429fb,Golden Dusk,4,397.65,2025-01-20,New Stephanie
13918466-5ae5-4350-a962-5f895857e7bb,Mystic Oud,4,250.63,2024-05-18,Yangtown
42229b2d-2368-4d2b-b570-b60da91bee85,Spice Affair,2,155.77,2024-06-04,East Pamela
bc6344cc-1a0d-4abf-9538-4645f84a4668,Amber Luxe,2,99.26,2024-11-19,Port Cassandraberg
b636f566-c0f3-413b-949a-09754110ddd0,Spice Affair,1,111.7,2024-04-28,New Tracy
19a9e7f0-dfc2-4bd7-a88b-f78d0467df02,Ocean Breeze,4,250.87,2025-04-09,Chapmanport
f66935c9-1376-41b7-8c3c-72b5f832eabf,Mystic Oud,4,181.56,2024-06-06,Smithview
dc4e443e-70ef-4cff-954b-1ffdf9f7ff4c,Ocean Breeze,4,184.67,2024-08-21,Sarahfort
530d1f3d-2d29-487c-aa10-d0477b1597c0,Spice Affair,4,280.96,2024-05-27,Port Sharonfort
d4662104-c777-480b-87dc-1c90034b0e52,Citrus Zest,2,174.51,2024-08-02,East Brittanyberg
77c9b56a-a34d-4db5-87b6-2d3f561a73cf,Spice Affair,2,121.51,2025-03-04,Jacksonshire
8f0dd1c3-aaf9-46b1-b184-930261db2094,Golden Dusk,5,421.79,2024-12-12,Gallagherfort
c22cbb63-8609-43dd-b2c3-dceb092987f5,Midnight Blossom,5,493.18,2024-06-03,New Donald
f6b44be3-cffd-4557-ba48-1f77f3c46295,Mystic Oud,1,90.57,2024-09-01,Bradleytown
fc292fc8-780e-47f8-815d-51db7279c791,Mystic Oud,2,135.1,2024-09-17,West Michael
bf486bf5-9977-4285-b7c5-77ab275d6205,Golden Dusk,1,76.93,2024-12-27,Port Tracyburgh
a78af27f-366d-47e4-bc14-3ad6672f669a,Fresh Linen,4,366.94,2025-03-13,West Stevenbury
bbb80997-a4dc-4be3-a531-e65934622bcf,Midnight Blossom,4,479.54,2024-11-20,Laurenton
872c1645-9535-4df5-8366-1e9f0ccdab97,Amber Luxe,5,359.19,2024-09-01,Saraberg
08f92cf3-4914-493a-8ad4-f196b9f27331,Golden Dusk,1,55.93,2025-04-20,Williamfurt
7e6fb133-b624-4ea5-9779-322d5ab1dad7,Spice Affair,5,374.89,2025-03-24,Markville
a613b1cb-2528-4b85-a8bd-f2e23ecc496f,Amber Luxe,5,413.77,2025-01-15,Keithmouth
5cb0dda2-6ea4-4d4d-88a4-12e6ff4f6eeb,Vanilla Sky,1,78.39,2025-04-20,Port Danieltown
1847b73c-8255-409f-9771-1ba8d9043b15,Vanilla Sky,4,197.81,2024-12-02,Lake Williamfurt
78acb073-02c5-48a9-966d-5f0a9303b0b7,Fresh Linen,3,355.83,2024-12-29,West Marieborough
5594bc47-bd69-4aa9-a8f1-074d35b34dc7,Velvet Rose,3,198.16,2024-10-30,New Christopher
93ec65bc-0a80-471a-a2d9-5f55dc1d512f,Amber Luxe,2,177.74,2024-10-24,Andersonchester
ee73d933-2b05-4eea-a448-e98be8b97b31,Velvet Rose,1,81.0,2025-01-17,South Josephtown
30f6f370-55a8-49bb-ae85-6649128b5038,Velvet Rose,1,90.73,2024-06-13,Amystad
20dd8b01-2c71-482c-9a04-a13b444316a5,Spice Affair,1,40.1,2025-02-07,Mooreborough
bb934efb-f5b1-4a14-979c-d5f7b60e0ce5,Ocean Breeze,5,416.33,2024-12-15,West Kimberly
b9e60e73-e56a-4525-8eb3-15a2d70c7ed3,Golden Dusk,4,469.51,2024-12-07,New Ronald
f235b582-b0a7-41a7-8afe-fcd67d6fcb08,Citrus Zest,2,143.2,2024-10-02,Lake Tara
6280cac5-6e05-431d-a25a-6b736ede9c4e,Citrus Zest,4,324.27,2024-11-27,Lisaburgh
df4322d5-7ae1-4f3b-8aa4-92571a3aad2c,Citrus Zest,4,339.02,2025-04-20,North Joytown
2a219424-935c-4fe2-9699-e661472d6a58,Midnight Blossom,3,223.4,2025-03-29,Brandonhaven
19bbf713-3744-4a7f-a259-f1aabfc5864b,Fresh Linen,4,471.77,2025-02-08,Seanberg
05969f78-6f5a-45c9-91d2-26c88f10a9c8,Fresh Linen,5,390.82,2024-11-28,Jamesfort
1d96c0a5-2586-4518-8950-3bff23f7b019,Spice Affair,3,232.38,2024-08-07,Adammouth
08de56b7-30f7-4547-ab97-5ce87e3d1a06,Citrus Zest,2,199.65,2024-08-03,Smithborough
784ed825-34e4-4f8c-91a3-07471337940f,Ocean Breeze,5,491.11,2025-02-17,Tanyamouth
7a9f434e-cc14-446a-bfdf-8e86db687e95,Golden Dusk,1,66.95,2024-11-21,East Denise
cffd5be4-4671-4da7-8591-58021a7914d8,Midnight Blossom,1,88.4,2025-01-23,Lauriefort
78d5c98f-641a-403a-83df-ec07a0a0db1c,Fresh Linen,3,258.69,2025-04-24,Hoffmanville
ae6b3ae1-cbe3-4b47-afec-7fa718005ca4,Velvet Rose,5,309.25,2024-09-12,West James
31000457-bb4a-43fc-81b8-190564d4b531,Vanilla Sky,3,292.63,2025-02-26,Ryanside
31d79399-5bee-4f8c-92be-8259ea300740,Velvet Rose,2,85.61,2025-02-02,West Denisechester
72f336aa-91ee-4583-8758-5ef2a1cbd6c2,Spice Affair,2,111.6,2024-12-16,Derrickmouth
ef695cd4-538c-43df-af6b-87c86ac792a2,Midnight Blossom,4,347.98,2025-01-01,Caseyshire
5abd51a2-cf0f-4292-8c84-7259faf3b04f,Fresh Linen,5,501.13,2024-11-11,Markhaven
f4969c63-8753-49bf-b8c7-5daa56fb323c,Amber Luxe,3,316.86,2024-12-31,South Jesse
da51ffcc-beaa-4236-8709-d7d1d1944f59,Mystic Oud,4,176.73,2024-06-06,West Sharon
2594e542-bb03-4a49-bdaf-de0abc6a00b0,Fresh Linen,4,400.76,2024-11-29,Austinhaven
42d3453d-eb9b-482f-90a0-a9bb69fa7214,Citrus Zest,1,68.73,2024-11-01,Boyerfurt
1b53331f-c516-46e1-9ccd-cbb2850eac55,Spice Affair,5,270.59,2025-04-10,Debrahaven
c3a178c9-20bb-4bc0-92da-9aa76bc64f8d,Spice Affair,1,49.72,2024-05-11,Lopezberg
a829a00e-77c5-4bf3-bea1-73725e3ce538,Golden Dusk,5,202.61,2025-03-04,East Kaylaburgh
c29bb400-6680-4890-87ba-71e4b537f52e,Citrus Zest,1,64.71,2024-05-17,East Davidberg
5df1ceef-fcab-4878-96a3-14c9c9737488,Vanilla Sky,2,231.6,2024-08-02,Amandaville
4dedf8cf-7451-44b8-8049-d77d14738c02,Velvet Rose,1,49.65,2024-10-22,West Shelby
b49996fa-20af-4f52-9416-7c00d8d74d38,Vanilla Sky,2,110.39,2024-09-28,Dunnville
8b5009c6-cebb-4337-89ca-333121ce6f72,Mystic Oud,2,236.09,2025-03-10,North Josephton
f34e427a-ddad-410a-b554-8b87c78b8ea9,Citrus Zest,1,95.96,2024-09-24,Port Johnview
8a790f55-624d-40f5-84e7-7ad03569a3aa,Citrus Zest,2,148.29,2024-06-06,West Morgan
36358a9f-a3ef-4a06-ba6b-d010e4184632,Golden Dusk,1,113.49,2025-03-26,Crystalfort
4754effc-84e6-4be9-a2f4-3f1dce2e91bc,Velvet Rose,5,526.96,2025-01-20,Hicksville
ed2cc90f-22b0-4caf-ae31-74bc0df867bc,Spice Affair,3,259.9,2024-05-17,Joanland
2e7f6e40-1723-426a-8a8f-2471f558dff2,Mystic Oud,1,60.5,2024-11-03,Lake Williamland
a4aa1db0-0142-4ca4-85d9-8fdc93fa7ff3,Citrus Zest,2,161.63,2025-01-14,Andrewport
7b07205f-3bd2-4b82-84d3-9ffef58c8537,Citrus Zest,3,137.5,2025-01-03,Amandafurt
0b46af1c-54cd-48cf-9482-4352f1677d07,Mystic Oud,1,77.43,2024-07-29,Smithport
223672fb-5f76-4997-bad9-d0054705a595,Velvet Rose,1,96.26,2025-01-24,Copelandhaven
2c170e74-abe9-4a0a-a9ea-9155ec2e02e0,Fresh Linen,3,245.7,2024-08-16,Lynchburgh
58e40c7a-1938-4a68-aedc-9ece058b9a8c,Amber Luxe,1,50.82,2025-01-09,Port Amber
f19d7ebe-a5e1-49ed-93ed-d6f083853377,Midnight Blossom,2,82.34,2025-01-06,South Jessica
e29a1f9d-94d5-49c7-83da-9a276b4a0d4d,Golden Dusk,1,71.35,2025-01-17,East Michael
c1ca4c5e-4527-4e5d-9b0a-b5329fd10cb3,Midnight Blossom,3,208.38,2025-02-06,West Laura
776e0420-f8cc-4b02-b3cf-8307f338982c,Velvet Rose,3,337.74,2024-10-11,South Deborahstad
e0b54f7a-fdac-4d87-8a7b-3db369760f04,Golden Dusk,1,46.41,2024-06-06,East Tammyview
46109afa-2630-4a4c-92b9-d86317ad25bf,Fresh Linen,5,452.26,2024-07-27,Cordovaborough
050a81a1-2c85-4c87-a605-1edda1d9f615,Spice Affair,2,104.62,2025-04-03,Brianview
6c376cbf-5f6a-4eaa-a4fc-610fdcb26729,Ocean Breeze,5,569.05,2025-04-10,New Christina
60441a33-8487-42f1-9db3-1388e20cd38f,Midnight Blossom,5,438.38,2024-06-07,East Amanda
5727ca1b-5a84-47fa-906e-340de36facb4,Fresh Linen,2,104.43,2024-09-21,Kennethport
ce4d8b19-179c-4466-ba2a-98194f6c11c1,Citrus Zest,4,188.32,2025-01-29,North Matthewhaven
3aa1f443-dc4b-49eb-918d-c4b2f0f9da25,Velvet Rose,3,275.16,2024-12-20,Billyberg
272645f6-95be-43bb-a40d-83034a4ad603,Fresh Linen,4,169.71,2025-01-01,West Jamesfurt
7772bd95-87e4-481f-9c72-302a6e569077,Citrus Zest,3,245.14,2024-11-17,West Joe
be0cf74b-aee4-435c-8fc6-351882f3b4a8,Mystic Oud,4,444.27,2024-09-19,South James
6084777c-9722-4883-b349-28f7e67cd15f,Spice Affair,4,252.58,2024-10-01,North Jocelynview
de82e610-b9a5-4a94-86d0-1266805e6897,Ocean Breeze,1,43.35,2025-01-23,Alvarezville
28a53881-22d0-44ab-ad2a-63bbc93ffb92,Amber Luxe,3,201.32,2024-12-24,New Rebeccaville
776e0241-baf1-4a4a-8923-024baa9d36bc,Fresh Linen,5,430.35,2024-06-26,Kingmouth
c2c898f6-8ba9-496a-8872-87249b1a5448,Spice Affair,3,154.02,2025-03-02,West Cynthiaborough
a9480daf-9ee3-4223-8328-34a8f3458c1d,Ocean Breeze,5,223.22,2024-06-25,Elizabethstad
0b98d9af-8fc3-400d-80b8-5708cff65d3e,Spice Affair,3,149.5,2025-04-12,Port Julietown
cbd69bef-f89a-49fd-b0c0-cbf939cc3364,Mystic Oud,5,397.41,2025-02-25,Timothychester
0ca70af1-6d01-4e17-9d13-c778bea6ff22,Ocean Breeze,5,533.38,2024-11-09,North Gary
9a1f95ca-638b-4a72-9754-4a0a9ba2e39c,Amber Luxe,2,85.9,2025-01-12,South Brooke
733545cd-702b-4dc8-95c3-6387e7e240ad,Golden Dusk,2,147.97,2024-05-15,Port Tara
b31363f3-bc46-4440-86d3-2fa3abb2db22,Velvet Rose,1,59.38,2024-08-03,North Josephland
a1161496-c7e9-4856-9b4e-f7ea1352fabc,Golden Dusk,4,277.53,2025-03-09,North Susan
6eafe66b-eeea-4ada-b59b-1d2dd312a816,Spice Affair,4,181.38,2024-09-03,Collinsburgh
16ddf4e8-9ead-4060-a01b-a3a7b3f474fe,Mystic Oud,5,352.74,2025-04-10,Deniseview
04d68434-e197-43c1-b38b-df9bb40ec081,Fresh Linen,5,240.87,2024-05-01,East Jeffrey
fffb880e-0b84-47a1-be65-c7bd8da2eace,Citrus Zest,3,163.5,2024-09-25,North Ambermouth
9f4079fd-3cac-4eaf-af0a-15c6e3f90f75,Midnight Blossom,3,331.06,2024-08-17,Acostamouth
5514259e-287c-4b62-ba6a-2d310e32d1c5,Fresh Linen,3,294.75,2024-06-05,New Daniellebury
0b1360bf-0165-47cc-b742-f7ae704d8e55,Midnight Blossom,2,233.55,2025-03-02,East Joseph
d1d5baa9-18fd-442e-8f8a-a3e982e5dc3a,Citrus Zest,3,120.05,2024-07-16,Ashleyborough
fc9067b7-c866-4897-a703-eb12802e1b91,Citrus Zest,4,470.89,2024-09-30,North Alexandraborough
4d1c36ad-c248-4b8b-ab3f-7e40b219d55d,Midnight Blossom,1,106.42,2024-07-04,Jacksonberg
6862ef15-c2d6-4779-8786-91c0b805c807,Ocean Breeze,3,277.12,2024-11-24,Port Jacqueline
134ccb94-bd89-44e7-9e15-eaa2fdce5a18,Ocean Breeze,1,118.39,2024-06-25,Alexandriahaven
22ec5270-6254-4fb2-bae2-5f80d4725124,Vanilla Sky,5,418.24,2024-10-08,South Vanessafurt
03ffd780-fa10-4eb6-b7e6-254691103101,Midnight Blossom,3,324.59,2025-03-03,South Joshuatown
d01b789f-b64e-4144-8cf0-573692b7b6b1,Mystic Oud,2,186.37,2024-08-26,Aguirreborough
83d4e05c-8058-47a5-875d-cc3116016f98,Mystic Oud,3,197.21,2024-08-12,New Hailey
e26e11c6-c29a-462e-8cb2-cc3f855f4541,Fresh Linen,3,352.82,2024-05-11,Walkerberg
aea775ea-8065-4a72-b81e-c8e17aec6861,Citrus Zest,1,96.83,2025-03-19,Reillymouth
8c4accf8-6568-42b4-ba4e-5252ff2347a9,Velvet Rose,1,81.19,2024-11-05,Shawtown
36548acc-e0d4-4c19-8c3c-4c26397b1a27,Mystic Oud,4,364.08,2024-10-18,Randallfurt
a940709d-9df0-4658-927a-3d6770135f17,Vanilla Sky,1,57.85,2024-07-24,New Jennifer
c9749476-9a00-4591-bec3-7b173e965a56,Citrus Zest,1,115.82,2024-12-07,Jordanfort
00f3b2f4-8392-427b-a08e-a71cc239417c,Spice Affair,3,153.3,2025-02-12,New Anthony
5dcd2521-bf79-42ba-8ca2-f13fea0cae26,Vanilla Sky,1,89.27,2024-07-12,Sandrabury
1152d36c-09cf-4976-98b8-08df91ff131d,Mystic Oud,1,85.34,2025-03-11,North Steve
cd26cb65-4f64-4817-aaf2-a9cb8a4328f6,Ocean Breeze,1,64.36,2024-12-21,Brownmouth
b1c21755-ff88-4481-940e-a6a81a9d7e61,Golden Dusk,2,136.55,2024-08-18,East Kelly
6a146b95-9610-4d41-9814-989a09ae4eb4,Fresh Linen,2,126.45,2025-03-24,West Thomasland
e839fdd6-61ca-4673-b9f9-307d3f42b536,Vanilla Sky,2,87.11,2024-11-19,Lake Daniel
35db3498-21b9-4547-89aa-1a023c0e2ac6,Velvet Rose,1,109.65,2024-08-24,Jacquelinemouth
94581b22-770c-4817-9c54-3de40d99e19f,Amber Luxe,4,188.06,2025-01-04,East Jessicaborough
554e3b2d-2ea9-4076-b2e8-a3c52d84c388,Ocean Breeze,2,174.88,2025-03-26,Saundersberg
fca5b21a-b373-43e3-8ce2-0bcafad84d53,Midnight Blossom,2,195.83,2024-07-06,Sheenamouth
25bafde4-4d63-4c6c-8a65-523ea81a5bf0,Fresh Linen,3,121.78,2024-05-30,Mcneilport
134ed323-91df-4184-8b95-a62dbdf14e97,Midnight Blossom,2,106.47,2025-04-05,Danielsburgh
566bb39d-4b2a-4cac-b30d-2ed6472a1f4f,Amber Luxe,1,62.43,2024-05-12,Alisonburgh
8923c3fb-5d71-417a-aadc-0e5f01ef9f18,Citrus Zest,4,412.96,2024-11-28,Susanstad
55f7b415-4775-4066-88b4-6e086c327763,Midnight Blossom,2,119.81,2025-01-10,East Sarahshire
bc0cbe5a-5772-41c1-a102-8f2c46c4ca86,Mystic Oud,5,518.36,2025-03-28,Port Daniel
2ca89aed-13bd-4036-83c3-9230e21f27f0,Golden Dusk,5,553.7,2024-08-01,Shellyfurt
a466c1cf-da7e-4733-9ffb-fd147f8d1db6,Fresh Linen,2,199.04,2024-12-07,Charleneside
633ae03f-7e5c-4514-9d27-7cb26775faad,Golden Dusk,1,76.71,2024-12-16,South Crystal
8c7ef4da-2e8e-48d2-bd70-c268da400b61,Ocean Breeze,2,203.76,2024-12-12,Port Stanleyburgh
7966912a-5805-4e1a-bf7a-391a4eee7373,Mystic Oud,1,108.35,2025-01-06,Jessicaville
a12bba4e-a2fa-4d59-b2dd-766b075140cc,Mystic Oud,5,508.14,2025-01-25,South William
cd111995-e491-4383-864f-646430288083,Spice Affair,5,524.76,2024-09-14,Espinozashire
68ba2820-b24a-42f3-aa54-86d398129cfd,Mystic Oud,2,81.22,2024-12-15,Port Amanda
97ab4761-3425-4bea-b4e6-5140edfa066d,Midnight Blossom,3,253.22,2024-06-27,East Amytown
44a3e637-46be-4a38-a8e4-6b282e1fcb1c,Velvet Rose,2,86.67,2024-05-31,Parsonstown
ec787396-fb87-440f-a24a-aeba0dfa8416,Velvet Rose,3,313.49,2024-11-12,Andersonview
c305ac8d-0f02-482c-8ec9-a542027c17a9,Spice Affair,3,120.63,2025-02-17,Pearsonfurt
f50b16ea-871f-43ac-9200-0af82b84e43f,Golden Dusk,4,369.27,2025-03-09,Shellyland
37e47318-41d6-40c2-a3be-af3d1fc5ca49,Spice Affair,3,144.64,2024-08-22,West Sethland
a265ec03-23f0-4546-93f4-961bab8689f3,Fresh Linen,1,113.66,2025-04-19,New Philipmouth
75f2b778-47d7-4168-b4a4-78acbc43b299,Vanilla Sky,5,273.83,2024-12-07,Thomasland
29afe2ed-dcd1-49ec-9ca1-aa60fa3205c9,Vanilla Sky,5,491.0,2025-03-11,Kimberlyport
13d5ef28-12e0-4277-8565-d3a9171d076e,Fresh Linen,5,454.83,2025-03-02,Lindseyfort
aca8050b-7cbd-4478-a303-eb209c4a0ff0,Spice Affair,2,182.17,2024-11-21,Jenkinshaven
409cf13d-1774-425a-842f-c003f7245339,Mystic Oud,2,92.72,2025-01-10,Lake Sarahburgh
6867111e-ca30-46f9-b64c-e84b08dc3c00,Spice Affair,2,87.14,2024-05-20,South Willieborough
6185e5fb-27a5-4fd4-a78a-5b615047498b,Golden Dusk,4,458.66,2024-12-01,Lanceport
65e16fc9-39c4-4fd3-984a-82eb9ed796b9,Vanilla Sky,3,335.11,2025-03-05,Tracytown
c1e02b86-2f8d-4554-b626-223f76a994a9,Citrus Zest,1,53.35,2025-01-30,Rowestad
2bba1b91-f6df-4951-97ae-639b42fb4b48,Golden Dusk,4,171.26,2024-08-02,New Jamesburgh
c1122fd9-0fb4-49ed-bcb3-0247fce9ffd8,Mystic Oud,1,112.52,2025-01-14,Elijahmouth
9d342720-b8eb-41a8-b8d6-c297400a85c8,Midnight Blossom,3,135.13,2024-05-04,Port Gregory
04798c45-a0e5-4bf5-99fc-4a843e46cc55,Midnight Blossom,4,161.14,2024-06-05,East Michael
108828e4-bab1-4a58-9359-56ac2efa6e58,Vanilla Sky,5,453.63,2025-01-25,Fergusonmouth
0afb626a-a3af-4ef8-9f89-5b7cf83389d2,Mystic Oud,5,493.36,2024-12-31,North David
ce61a47d-178a-4a4a-8771-5e95e83a5c19,Vanilla Sky,2,213.6,2024-05-19,Ryanburgh
7c52919d-da90-488c-97c2-194445bbe081,Amber Luxe,1,68.5,2025-01-05,Port Arthurhaven
1a939654-4f97-4c6c-bad8-4bcc9800672a,Golden Dusk,4,199.24,2024-09-19,South Kimberlyhaven
b4391c39-1f73-4f01-9eae-dc2802572608,Velvet Rose,1,41.92,2024-06-19,Sanchezhaven
9bd495e7-f05d-40c6-a91e-f6d95418614e,Mystic Oud,1,118.3,2024-08-29,East Michelleside
f91d050f-ff3f-42cb-8d4c-f800a4fea67a,Mystic Oud,2,157.47,2024-10-06,Owenshaven
e7e819ac-1c1f-471c-9b3c-5db4b28c62a6,Amber Luxe,2,166.32,2024-08-25,East Ryanstad
9fa7d97a-44f3-4a1d-99fe-a5f22e95ce65,Midnight Blossom,4,220.91,2025-02-16,Richardsmouth
037acf00-e1e0-402a-83ba-b59a11393f01,Fresh Linen,5,410.94,2024-07-03,South Amyfort
0aac7caa-8fe9-4398-8bea-dcacab52a671,Citrus Zest,3,224.16,2024-08-03,Vanceville
8d11ed12-ae58-4ed3-a3f0-a3801d44e39b,Ocean Breeze,5,453.77,2024-11-26,Danielview
066e358f-be3c-4424-a773-e7adbe322f3a,Amber Luxe,3,289.81,2025-03-31,New John
d4e3510e-7d2c-4ea4-ad0c-35ca54f0cc5e,Amber Luxe,3,340.98,2025-01-03,West Shelby
42d94346-ea76-49ed-8485-754b3edff6e2,Spice Affair,2,170.73,2025-01-17,Ryanport
e255560e-91fd-4531-994c-586694ca6fa8,Midnight Blossom,4,472.79,2024-10-14,Mcdonaldland
a44e59a3-c732-416e-b009-96cb6607cc2b,Golden Dusk,5,400.95,2024-09-22,Johnmouth
2df4a6c9-b24a-449e-9395-e6aa166492ed,Ocean Breeze,5,322.16,2024-11-04,Lake William
f6f1dc88-b42e-4748-9b0b-8f89dcc45a9f,Citrus Zest,5,512.11,2024-05-28,Susanborough
ccc2b008-8413-4a21-8209-a6d973afee9e,Mystic Oud,4,468.97,2024-11-09,Lisashire
ad1325ad-1e27-4765-93d3-86e1af218962,Fresh Linen,2,95.43,2024-04-30,Port Josephview
f3869cfc-f40e-4e03-a53e-b01bb4efbe06,Golden Dusk,2,188.26,2024-07-16,Bennettberg
c68f45cd-0ba3-46cd-b585-52afefe05e78,Velvet Rose,5,328.35,2024-05-20,Jessicashire
c20471e8-de24-4e72-b7a2-3fa094be3b4f,Citrus Zest,4,271.48,2024-07-16,West Saramouth
2a424e58-c180-451e-b561-46566e2be8e9,Midnight Blossom,2,219.92,2024-10-21,Aliciaburgh
f2082c06-a9e2-49aa-bbcd-e66c3ce08b14,Vanilla Sky,5,553.45,2024-06-12,South Keith
25768e1a-a6df-435f-beaf-dce31ab436c1,Vanilla Sky,1,77.73,2024-05-11,South Staceyburgh
557c5433-7c24-49c0-9052-71ac9c0ea1de,Golden Dusk,5,257.49,2025-01-01,Connorfurt
7b537280-854c-441c-bc8c-d293c459849f,Midnight Blossom,2,132.97,2025-03-24,West Manuel
fc62a4d4-2b4d-4637-a08e-f2ee74cfdf6b,Spice Affair,2,191.01,2024-06-23,South Amandaland
4420601a-5a77-4436-abae-989e4b565619,Golden Dusk,4,259.65,2024-06-03,East Johnburgh
35d8bb06-b48a-414e-87d5-ac6b7b0b1baf,Mystic Oud,1,49.86,2024-11-06,Martinezmouth
3c5838f0-8411-4350-85fd-732c08828fd4,Spice Affair,4,306.35,2024-09-28,Carolville
63c42af5-f90d-453e-9656-167e1b22a340,Golden Dusk,4,307.22,2024-09-10,Paulhaven
aa7f397b-7514-4362-b40c-9792ff9f722e,Fresh Linen,2,188.42,2024-07-20,West Jacquelinefurt
20cfe2d0-c39d-4e90-a01d-16b699129fad,Fresh Linen,5,572.91,2025-04-23,Port Melissastad
ac6d380f-305d-49c1-9b11-af36bd87a1ad,Ocean Breeze,4,401.81,2024-12-02,Cynthiafort
900e5861-c108-424c-b39c-1f31b67336fd,Vanilla Sky,2,174.95,2024-06-02,Berrychester
02dd26d0-d80a-4e34-be36-50c7da5c3591,Amber Luxe,1,84.7,2025-04-08,North Davidton
21917749-45e8-42b6-b680-3c4015130f2e,Spice Affair,3,230.15,2024-07-17,North Edwardmouth
7e717a94-c15d-49a4-a4bc-c776fe67732c,Midnight Blossom,3,261.8,2024-11-26,Frankfurt
31f9caf3-c9c9-4a2e-8c32-808f1cd8d35e,Fresh Linen,4,378.22,2024-07-24,Bateston
5d569ae6-7e9b-467f-b434-ac53695cad9c,Citrus Zest,4,252.78,2025-01-30,Port Christine
10f98be3-8543-42d5-b15a-968a9b172478,Mystic Oud,5,488.86,2025-01-01,Cameronburgh
346cf19a-7439-4f71-9188-4e67e10856fd,Ocean Breeze,1,72.62,2024-12-03,North Justin
c529e48b-640d-4a80-9bc4-e361d59d9115,Mystic Oud,1,108.75,2024-06-21,North Russell
ca76f6a2-24fe-4bc3-a9fb-30b29b6d68ad,Spice Affair,3,143.36,2024-08-19,Jeffersonbury
65042280-9a04-4f4e-b81d-4b2f903aa9bd,Velvet Rose,1,48.6,2024-10-21,Jasonport
0c4b3021-bdbe-4f7c-9e25-b5b70c0aa0f7,Ocean Breeze,3,306.67,2024-12-27,Leeview
2e6d654d-97a8-4e45-b8dd-1c7e408fa955,Vanilla Sky,1,74.82,2024-09-12,Huffshire
9540bb0f-b5b2-4006-989f-58390f1b47f2,Midnight Blossom,2,186.63,2025-03-27,North Steven
27b24877-b6ae-44de-980b-68ea7d2f91ce,Vanilla Sky,5,245.09,2024-10-01,Richardside
ab4a122d-685a-409c-ad1b-4581be001d64,Vanilla Sky,1,84.9,2024-05-28,Perryberg
4c57bda3-e1bc-4959-966a-3321c31f595c,Ocean Breeze,5,230.09,2025-04-22,Mariaburgh
44ff2bb5-a944-4260-92a9-302a18c89cb6,Midnight Blossom,4,262.54,2024-09-21,Derrickchester
3acb3327-0dcd-49e4-9193-a819c8f5e1ea,Velvet Rose,2,169.18,2024-06-19,South Susan
3318a1da-d5a6-4070-b02a-cf8e4151ab58,Fresh Linen,4,316.09,2025-02-11,Port Angelicamouth
6ed4a66b-8c12-436f-85b1-8946be850ab8,Vanilla Sky,4,355.31,2024-08-04,Port Julie
6fbc71a7-e050-4089-9e56-3bbd0640a43a,Fresh Linen,1,110.3,2025-03-08,New Lisa
8fcb3685-cf39-4f53-9e20-e993dbcb47fd,Velvet Rose,4,358.87,2025-04-16,Lake Amber
e5efd71e-f2c5-4594-ab35-7661f2aac9e7,Citrus Zest,3,242.66,2024-08-03,Colleenfort
ee5afbe3-7be4-4c99-ac06-11da4b13302a,Mystic Oud,1,78.0,2024-11-28,Gonzalezchester
ed897d08-d9cd-4044-b10e-ae64cb3868b7,Spice Affair,2,94.08,2024-11-07,Jesseport
bba12028-63da-47d1-97f5-ef01dc65ac8f,Vanilla Sky,4,231.16,2024-10-09,Lucasmouth
7890d407-6417-4dd4-85f7-102f65bc3cfc,Vanilla Sky,5,338.69,2024-10-06,North Joe
34915814-8490-465c-87ca-4fcbe52a95a8,Citrus Zest,3,257.21,2025-04-24,Mackmouth
80b5c379-292f-4043-9336-050accc6e13c,Midnight Blossom,3,201.2,2024-06-25,Josemouth
e002f8b8-eb0b-4ef6-bea5-aa69b58523ed,Spice Affair,2,144.38,2024-08-09,New Julia
e9793c11-b684-4599-bc1e-7e0890da1768,Citrus Zest,5,306.92,2024-11-29,Daltonshire
fdb30959-5b5f-4901-9185-1aff163e66fa,Spice Affair,3,249.55,2025-01-30,Lake Robert
37a404a8-1291-49d3-a4d1-b3fbdc01ea45,Mystic Oud,3,211.73,2025-04-09,East Malik
9352cee5-0cd0-4b70-90bd-df657caeee89,Midnight Blossom,5,357.4,2025-04-19,East Johnmouth
371b42fc-41d9-42bf-85df-a47c3bc61004,Citrus Zest,4,180.25,2024-08-22,Davidberg
ad2d933c-a04f-4a86-90d1-c85fabe07e8b,Spice Affair,2,161.73,2024-06-28,Rickyburgh
554c3c58-075b-4af4-90a5-2de33a1b0aca,Mystic Oud,1,71.97,2024-07-22,Jonathanton
54939b9c-bd6b-4f3a-94b6-a5e884b827fd,Ocean Breeze,4,163.3,2024-08-20,Jonesbury
7088c4f0-ae84-4c52-b56f-09d15b624752,Fresh Linen,3,226.65,2024-07-23,South Katieburgh
bcaff15b-9364-44be-b6c4-c1a73d0d95fa,Amber Luxe,4,392.43,2025-03-09,West Christophermouth
5d522838-ac2c-41d9-bb7a-9a74f97cb2c3,Citrus Zest,5,270.25,2024-10-16,Robinsonville
7a8b7fac-0420-4e7c-a4e8-e99824812e34,Amber Luxe,4,383.04,2024-11-26,Maryberg
24f96d0d-9f69-44a1-a12d-a058ab82947f,Golden Dusk,3,234.9,2025-03-21,South Jessicastad
aa833b6c-0fc6-49a8-8389-95fb458b9898,Golden Dusk,5,458.12,2024-12-20,Brianstad
83269d85-2f1e-499d-a254-cb884a07afbc,Fresh Linen,1,45.15,2024-05-02,Nathanville
e4e451fb-88a4-4e81-9873-3b1a5aa46da2,Citrus Zest,4,383.38,2024-08-24,Nicolefurt
8d8b2b3f-7cbd-4fb6-9088-0364bd165544,Spice Affair,4,163.77,2024-11-05,Lake Linda
64b86612-64a3-450c-98fb-13173356edcc,Mystic Oud,1,119.81,2024-05-05,Danielsberg
f476f195-5ee3-4e1f-9cf2-0c7d757935b6,Velvet Rose,3,161.38,2025-03-29,East Anthonyberg
bc7e23fb-0553-4091-a015-710560a8b4ab,Mystic Oud,1,111.84,2025-03-02,New Christopherview
2a2c9fff-2d56-4d34-8d15-efbf84e286d3,Citrus Zest,3,298.75,2025-04-22,Chapmanshire
db4ea35c-f986-4c46-9e0e-2bf94153a3bd,Fresh Linen,4,226.9,2025-02-22,Cooperport
b58e612b-6842-429e-a9df-c1acc5eb4ffb,Amber Luxe,1,47.77,2024-09-20,New Patricktown
92483e3c-a32c-4d02-86bc-c7b4d7891a85,Golden Dusk,1,118.48,2024-11-18,West Heather
e6ee8b1b-1548-4984-a8e8-d2abf1a03b44,Golden Dusk,2,97.2,2025-03-12,North Stephen
8463bee6-fcb5-4b68-bac0-9ca12fd0e0a0,Mystic Oud,2,152.09,2024-08-30,New Tina
c9a6c5ca-8819-42bc-aec1-f116e10e6c3f,Spice Affair,4,329.66,2024-12-03,East Margaret
4ff3c391-abca-4834-b526-118c02c4ba2f,Golden Dusk,3,120.99,2024-10-05,Port James
70c57bfa-01fa-4604-a8a6-ba3cc29face9,Velvet Rose,1,100.04,2024-07-09,Port Matthewview
f484555b-1904-4257-a7e5-5b3097ad37c5,Spice Affair,5,511.06,2024-12-30,Tiffanyton
30aa08ef-2754-4996-9165-3c972bb82611,Vanilla Sky,3,143.41,2025-04-05,Coryton
cbf30703-7d21-4ce2-9976-e5dd264540a2,Mystic Oud,3,226.1,2024-05-05,East Shelleyfurt
31c6b713-8524-4bed-a023-691858a36e17,Amber Luxe,4,237.18,2025-01-29,New Jessica
ed1cb7cb-6157-4dc7-b790-8cc7f8725fc3,Amber Luxe,4,228.38,2025-04-08,North Scott
cd133763-b0f7-4c35-a0af-02dbe29746cd,Vanilla Sky,1,100.77,2024-07-16,Lake Tammyhaven
90204ca4-9df0-4a4f-b2ad-e3a5c03792fd,Citrus Zest,2,95.18,2024-05-16,South Cassidy
06ebb0ce-b2cd-4049-9ce2-5ccf64476b9d,Vanilla Sky,1,59.88,2024-06-17,Port David
9283ae05-ae17-4efc-a35c-19a2d671ca1c,Spice Affair,4,469.65,2024-12-16,New Kristaborough
dd90208d-8655-413d-9479-f5b9cf59bcad,Spice Affair,3,278.26,2024-12-29,Lake Katiemouth
c188e4df-829b-4512-9884-4c751996aadf,Midnight Blossom,1,44.87,2025-04-13,South Meghanchester
79fa433f-f7d5-4448-a8a8-a8d3976f82cd,Fresh Linen,3,142.33,2024-11-17,Joannaville
12fe24e2-7615-44df-bc1e-5649bf77409e,Fresh Linen,4,369.41,2024-09-07,Lake Adam
8d951566-811d-492f-ab45-a491974dbd73,Velvet Rose,5,498.15,2024-08-06,Marcusside
58b02b7c-2499-4e76-a5b7-592460abf4f4,Velvet Rose,2,124.99,2024-06-05,Shaneland
fb4e5be2-39fe-4026-9291-c6b4bc2fa925,Golden Dusk,4,231.91,2025-01-26,Webbshire
c5267e4b-1d4d-4648-8366-04ee6b01adc9,Golden Dusk,1,96.31,2025-04-12,North Rachel
b4e9a295-5b9a-4d42-8212-45731658462c,Velvet Rose,5,476.76,2024-05-24,Johnsonshire
40fd9946-70fe-4eb9-a49c-d2ae33c52875,Spice Affair,4,476.74,2024-12-12,Gardnerburgh
c495f458-f3cc-4ba1-a514-3a07390cbdb2,Fresh Linen,3,195.08,2024-07-26,North Charles
1d996b93-8fa3-4d6b-9b94-ed41b824e9c2,Vanilla Sky,5,506.61,2025-04-21,South Devin
0790017e-6409-48de-8cde-3b7777bc8b39,Fresh Linen,1,53.77,2025-02-22,Lake Lindseybury
eb2d286b-5d5f-4e4c-bf6e-e5ffea7cb8dd,Golden Dusk,2,206.83,2024-08-27,North Marissa
66b229bd-eb18-4f78-b4c1-ad508a3ec13e,Spice Affair,3,134.1,2024-09-29,Lake Elizabeth
e2af0458-4747-4cad-9f37-b9a8f82e15b8,Vanilla Sky,1,71.57,2024-08-25,East Allison
e45ff1b8-b37f-44a5-bef7-c5a2aa74737e,Mystic Oud,4,381.38,2024-11-20,Whiteland
4df032d2-7e37-4017-aa38-935d408a5c57,Midnight Blossom,5,434.74,2025-02-19,East Amber
87e6f345-60ca-4688-8627-19230c5593fe,Amber Luxe,1,104.21,2024-08-28,South Markton
27bba9eb-9d60-4def-b498-320757328e21,Midnight Blossom,5,221.26,2025-03-09,Morganfurt
76cf2996-93bc-459b-a7a1-e909429831fa,Vanilla Sky,1,67.98,2024-12-22,Port Jamesburgh
4683fb78-e8dd-4660-93f0-e021b720a5bf,Spice Affair,4,163.1,2024-12-31,Amyfort
e94c230b-90a0-48e7-8351-11b1077da0bb,Golden Dusk,4,292.68,2025-04-25,Carriemouth
f67976aa-56f7-4cfa-852f-ee690debac3f,Amber Luxe,2,223.66,2024-10-27,Brownhaven
603c660b-0452-4f20-8555-4e3c9d686d85,Ocean Breeze,4,176.46,2025-04-20,Port Michaelstad
a17991e1-e207-4692-b9d8-995de23ff941,Fresh Linen,1,40.13,2025-03-19,West Jessicafort
bbc04b44-aaf5-4cbb-ae2f-8044a11c5346,Citrus Zest,3,298.27,2025-02-04,North David
e48aa9eb-9475-4ba9-81b7-2c1cba2076dc,Velvet Rose,3,345.02,2025-03-09,Shannonland
49adb40c-c26e-4495-b8b5-a16140161128,Citrus Zest,1,95.14,2024-05-21,South Wendy
01ba9876-9358-40ed-8797-44e620b70cf6,Velvet Rose,3,301.94,2024-07-17,Amberchester
9130b3fc-5897-41af-a0f8-71c9dfb71e4f,Amber Luxe,4,323.5,2025-03-26,Meghanland
7c1ab97d-c18d-4794-87f0-5d1b2cd5c3b7,Spice Affair,4,415.05,2024-09-16,Robinsonborough
61004b21-4222-431d-a3f7-69d558fb7bdc,Vanilla Sky,2,183.11,2024-05-04,East Nicole
76a4ccaf-e709-40fb-84b2-2de2d9133082,Golden Dusk,5,260.11,2024-10-25,Nicoleshire
473b7ee3-3f8d-497e-a5ba-a5ceed2175d4,Ocean Breeze,5,563.49,2025-04-05,New Kenneth
32beeccd-2907-4dbd-ada1-1d6717efb50d,Citrus Zest,4,231.7,2024-10-13,Pittsborough
960932d9-ccc1-4fb7-96d1-2c7ed4b377ee,Ocean Breeze,5,330.73,2025-03-29,Rittershire
9ee86a82-619f-48b0-a1c3-5e4b94d41d96,Vanilla Sky,2,120.83,2024-08-12,Port Michaelland
afcd7cac-1f84-47f7-b082-2ca4d8e9baba,Velvet Rose,5,310.87,2025-03-24,New Joseph
ec627ccc-4013-4da8-9ab3-06013df2dc80,Mystic Oud,3,310.82,2025-03-24,Morganside
bb7f0919-30a3-4a4e-9c0a-4a251f9928c5,Fresh Linen,1,92.21,2024-07-11,Elizabethtown
897c351e-9a26-41ee-88e0-6ce91790450d,Spice Affair,1,114.57,2024-10-02,Deborahborough
66867ef8-0360-4992-8734-6c442e49bd60,Golden Dusk,1,57.68,2024-07-29,East Jason
3b98c6aa-b28d-422d-8ead-c712d9223c98,Fresh Linen,2,154.55,2024-08-10,Jaclynfort
226a9183-dc55-48cb-bfb9-dd27d8f6c1e4,Velvet Rose,1,115.98,2024-04-29,Port Mathewton
093cbca1-27b9-4b90-8b51-0fbf43a4c744,Velvet Rose,1,86.27,2024-06-10,South Justinside
bf685d8d-0a1d-4cb1-8bb5-0bc4375c34a5,Golden Dusk,1,62.93,2024-06-27,Lake Kristin
aac0bae8-b52e-495a-af01-ebd2cd868ded,Spice Affair,2,207.9,2024-11-30,Port Michaelton
aa091ac6-0146-4826-90d4-b652e9327fe6,Spice Affair,3,299.58,2024-08-07,Edwardsmouth
230167ca-ee66-43fd-81f0-971367d7a879,Ocean Breeze,2,88.89,2024-12-08,Angelachester
22d5d054-f1e9-46c0-a319-c5593693b75b,Fresh Linen,2,173.69,2024-07-14,Stephanieberg
54b0da22-d537-4b23-b885-79f2e4525d29,Midnight Blossom,2,123.07,2025-02-03,Ferrellberg
62a518fb-5880-4628-956e-3936afa8020e,Velvet Rose,3,332.76,2024-08-17,Timothyshire
9777fe0c-8ace-41fc-b0aa-51ac9dc201d1,Citrus Zest,4,460.02,2024-11-08,Davidbury
8736f7e7-d96a-4083-a70d-5b0128e99771,Citrus Zest,1,94.24,2024-07-23,Mckaymouth
7f67a84a-f894-4e54-9cac-c074e6069584,Ocean Breeze,4,230.27,2024-08-06,Sandovalchester
fab87d20-3d1b-4e03-8b55-eb9b83400270,Spice Affair,5,389.83,2025-02-20,North Edwardmouth
f67c212c-6d68-4eb0-aa22-836c76b68b54,Vanilla Sky,3,163.53,2025-02-07,Jasonview
cde9ec66-2f7d-4eab-adbe-754afcd98d37,Spice Affair,4,418.24,2024-10-09,South Amberside
73fbbf94-6339-4a4d-9be7-b89506643f36,Spice Affair,3,256.09,2025-02-25,Port Thomaschester
1d42d99a-3468-4172-94e4-f3cf29d27840,Velvet Rose,4,281.88,2025-02-09,West Nancy
48e17913-cacc-452b-9b3c-7110777885c1,Amber Luxe,3,303.43,2024-08-10,Port Erikaborough
e8b4f49b-6f90-4ed2-8cac-0af4c124b934,Ocean Breeze,1,119.22,2025-01-24,South Jeffreyborough
e88fe29a-d2b0-43fd-a775-81fc4bbd43cd,Fresh Linen,3,143.32,2024-09-28,East Erica
